ID,Component,View/Tab,Persona,Feature Area,User Story,Acceptance Criteria,Base Tech Requirements,Data Source,Key Objects/Fields,Data Ready?,Priority,Story Points
VP-TBL-001,VIP Playbook,My VIPs,VIP KAM,View VIP Book,As a VIP KAM I want to see my full assigned VIP book in a table on page load so that I can get an instant overview of all my players.,Table loads on page load displaying all VIPs assigned to the logged-in KAM | Columns: NAME · STAT (State) · SEGMENT · TIER · GGR L30 · LAST BONUS ISSUED · KAM · LAST CONTACT · STATUS · ACTIONS | VIP count badge in header shows {N} VIPs | Default sort: Last Contact ascending (most overdue first) | Each VIP name links to their Salesforce Contact record,LWC list component wired to logged-in KAM's assigned VIPs via Contact.OwnerId or custom KAM assignment object | Apex controller SOQL joining Contact + Asset (tier/segment) + Task (last contact) | VIP count badge from SOQL COUNT aggregate | Default ORDER BY Task.ActivityDate ASC (most overdue first),CRM (Contact + Asset + Task),Contact.Name · Contact.MailingState · Asset.Segment__c (TBD) · Asset.Tier__c (TBD) · GGR_L30__c (TBD — DataPoints) · Task.ActivityDate (Last Contact — excludes campaign emails) · Contact_Status__c (TBD) · Custom Bonus Object (TBD),Partial,P1,5
VP-TBL-002,VIP Playbook,My VIPs,VIP KAM,Segment Tab Filtering,As a VIP KAM I want to filter my VIP book table by product segment so that I can focus on one segment at a time.,Segment filter tabs: All · SBK · CAS · DFS · FDR | Each tab shows a VIP count badge for that segment | Clicking a tab filters the table to VIPs with that segment assignment | VIPs assigned to multiple segments appear in each relevant tab and in All | Active tab indicated with FD blue underline | Tab selection persists during session,Client-side LWC tab filter — no additional SOQL per tab change | Asset.Segment__c used to group and count VIPs per segment tab | Active tab stored in LWC component state property | Multi-segment VIPs loaded once; client-side grouping avoids N+1 queries,CRM (Asset),Asset.Segment__c (TBD — confirm field API name),Partial,P1,2
VP-TBL-003,VIP Playbook,My VIPs,VIP KAM,Column Sorting,As a VIP KAM I want to sort my VIP table by key columns so that I can surface the players that need attention most.,Sort toggle (↕) available on columns: Name · Tier · GGR L30 · Last Contact · Status | Click column header to sort ascending; click again to toggle descending | Active sort direction shown via arrow indicator | Only one column sorted at a time | Default sort: Last Contact ascending (most overdue first),LWC datatable sort action dispatches sort field + direction to parent controller | Apex ORDER BY clause dynamically built from sort parameters | Status sort on Contact_Status__c (TBD field API name) | Tier sort requires ordinal mapping (Tier 1-4 + Shield Select) — custom Apex sort comparator needed,CRM (Contact + Asset + Task),Contact.Name · Asset.Tier__c (TBD) · GGR_L30__c (TBD) · Task.ActivityDate · Contact_Status__c (TBD),Partial,P1,2
VP-TBL-004,VIP Playbook,My VIPs,VIP KAM,VIP Search,As a VIP KAM I want to search for a VIP by name within the table so that I can quickly find a specific player without scrolling.,"Search input field with placeholder ""Search by name..."" | Real-time filter as KAM types — no submit required | Case-insensitive match on first and last name | Search applies within the currently active segment tab | Clear input (×) resets the filter | Empty state shown when no results match",Client-side filter on already-loaded LWC data — no SOQL on keystroke | Debounced input handler (300ms) filtering Contact.FirstName + Contact.LastName array | Case-insensitive JS string match | No SOSL required for within-list search,CRM (Contact),Contact.FirstName · Contact.LastName,Yes,P1,2
VP-TBL-005,VIP Playbook,My VIPs,VIP KAM,Pagination,As a VIP KAM I want my VIP table paginated at 10 rows per page so that the table loads quickly and I can navigate through my full book.,Table shows 10 rows per page | Pagination footer shows X–Y of Z total count | Prev and Next navigation buttons | Current sort order and active segment filter persist across page turns | Page resets to 1 when segment filter or search term changes,"Offset/limit pagination passed as Apex controller parameters | Total count returned from separate COUNT() SOQL or as metadata from main query | Page state (offset, limit) stored in LWC properties | Page reset triggered by segment tab change or search input change event",CRM,N/A (UI pagination),Yes,P1,1
VP-TBL-006,VIP Playbook,My VIPs,VIP KAM,GGR Color Coding,As a VIP KAM I want GGR L30 values color-coded so that I can immediately distinguish players who are up from players who are down.,"Positive GGR (house won): green text with + prefix (e.g. +$4,820) | Negative GGR (player winning): red text (e.g. $340) | Zero GGR: gray text | Color applied to GGR L30 cell value only | Formatting: currency with comma separators",Conditional CSS class or inline style binding on GGR cell — positive/negative/zero evaluated in LWC template | Currency formatting via LWC @api locale or JS Intl.NumberFormat | No additional data fetch — display-side logic only applied to existing GGR field value,DataPoints,GGR_L30__c (TBD — confirm DataPoints field mapping),Partial,P1,1
VP-TBL-007,VIP Playbook,My VIPs,VIP KAM,Tier Rendering,As a VIP KAM I want VIP tiers rendered with correct segment-specific labels and Shield Select verification icons so that I can read tier at a glance.,SBK tiers ordered: Tier 1 → Tier 2 → Tier 3 → Tier 4 → Shield Select | CAS tiers ordered: Tier 5 → Tier 4 → Tier 3 → Tier 2 → Tier 1 → Shield Select (inverse) | Shield Select rows include a blue verified checkmark (✓) icon | Tier cell blank on multi-segment parent rows — child rows show per-segment tier | Tier labels must match FanDuel VIP program taxonomy,Tier label LWC sub-component with segment-specific mapping object (SBK: Tier 1-4-Shield Select; CAS: inverse) | Shield Select renders SLDS utility:check icon or custom SVG asset | Tier taxonomy mapping stored as custom metadata type for SA-configurable label overrides | Conditional icon: if tier equals Shield Select then showVerifiedIcon = true,CRM (Asset),Asset.Tier__c (TBD — confirm segment-specific taxonomy with FD),Partial,P1,2
VP-TBL-008,VIP Playbook,My VIPs,VIP KAM,Multi-Segment Expansion,As a VIP KAM I want to expand a multi-segment VIP row to see their performance broken down by segment so that I can assess each product relationship independently.,VIPs assigned to 2+ segments show an expand › chevron | Clicking expands to child rows — one row per segment | Each child row: segment chip · tier · GGR L30 · last bonus issued · KAM assigned to that segment | Collapse returns to single parent row | Expansion state persists during session | Single-segment VIPs show no expand chevron,LWC row expand/collapse toggle — child Asset records fetched on first expand via Apex (lazy load) | Expansion state tracked in LWC Map property (contactId to boolean) | Child rows rendered as indented sub-rows via conditional LWC template slot | Child row data cached after first load to avoid repeated Apex calls per expand,CRM (Asset + Contact + Task),Asset.Segment__c (TBD) · Asset.Tier__c (TBD) · GGR_L30__c (TBD) · Custom Bonus Object (TBD) · Contact.Name,Partial,P2,3
VP-TBL-009,VIP Playbook,My VIPs,VIP KAM,Row-Level Actions,As a VIP KAM I want row-level actions on each VIP so that I can act on individual players quickly from the table.,⋮ overflow menu on each VIP row | Menu options: Log Contact · Bonus · View Contact Record | View Contact Record drives to the VIP's Salesforce Contact record in a new browser tab — default Salesforce behavior | Log Contact and Bonus open their respective action flows | No bulk selection or bulk actions in MVP — individual row actions only | Contact Record modal excluded from MVP,SLDS dropdown overflow menu LWC per row | View Contact Record: NavigationMixin.Navigate to standard__recordPage with actionName view and target _blank to open in new tab | Log Contact: quick action or custom LWC modal | Bonus: custom bonus flow LWC modal | No Contact Record modal in MVP — NavigationMixin only,CRM (Contact),Contact.Id (for Salesforce record URL navigation),Yes,P1,2
VP-TBL-010,VIP Playbook,My VIPs,VIP KAM,Overbonused Indicator,As a VIP KAM I want to see an overbonused flag in the Last Bonus column so that I know not to issue another bonus to a player who has hit their cap.,When VIP has hit their bonus cap: Last Bonus Issued cell shows $0 Overbonused | Overbonused rendered as an amber pill badge | Bonus action in ⋮ menu is disabled (greyed out) for overbonused VIPs | Tooltip on disabled Bonus option reads: Cap reached — no further bonuses available | Cap reset date shown if available alongside the badge,Bonus_Cap_Hit__c boolean field on Contact (or related object TBD) drives SLDS amber pill badge rendering | Bonus action menu item disabled via LWC conditional disabled attribute | SLDS tooltip component on disabled Bonus item reads Cap reached | Bonus_Cap_Reset_Date__c displayed as secondary text in Last Bonus cell when cap is hit,DataPoints / CRM,Bonus_Cap_Hit__c (TBD) · Bonus_Cap_Reset_Date__c (TBD),TBD,P1,3
VP-TBL-011,VIP Playbook,My VIPs,VIP KAM,NBA Pending Alert,As a VIP KAM I want a warning indicator next to a VIP's name when they have a pending NBA recommendation so that I can immediately see which players need action from the queue.,"⚠ amber triangle icon displayed next to VIP name when that player has 1+ unactioned NBA recommendations | Icon clears once all NBA actions for that VIP are actioned, dismissed, or deferred | Icon visible on parent row regardless of segment | Screen reader accessible (aria-label: NBA action pending) | Clicking icon navigates to NBA Queue filtered to that VIP (P2 enhancement)",LWC wire adapter querying Agentforce Recommendation records linked to Contact where Status = Pending | Conditional amber warning icon rendered via LWC template when pendingNBACount > 0 | Platform Event subscription optional for real-time icon update when NBA record actioned | Icon cleared reactively when wire adapter returns 0 pending recommendations | aria-label=NBA action pending for accessibility,CRM (Agentforce Recommendation object),Recommendation object (all field names TBD — requires Agentforce configuration),TBD,P1,3
VP-OVR-001,VIP Playbook,Overview,VIP KAM,Metrics Panel,As a VIP KAM I want to see my top-line portfolio metrics on the Overview tab so that I can monitor the health of my book at a glance.,4 metric cards on the Overview tab: (1) VIPs in Portfolio — total count · +X this month trend badge · progress bar % of target book size; (2) Active VIP Players (last 7 days played) — count of VIPs who played in the last 7 days · % of book badge · Last 7 Days subtext; (3) Promotions (30d) — count of tier promotions · X pending badge · VIPs opted-in this month subtext; (4) Demotions (30d) — count of tier demotions · +/- X vs prior badge · Portfolio refreshed monthly subtext | Segment filter tabs (All/SBK/CAS/DFS/FDR) filter metric data | Metrics update on page load,4 LWC metric card components in a responsive grid | VIPs in Portfolio: COUNT() SOQL on Contact | Active VIP Players: DataPoints API callout or custom daily sync object with 7-day activity flag | Promotions/Demotions: SOQL on Tier_Change__c custom history object or Field History query for last 30 days | Segment filter passes segment parameter to Apex for scoped counts,CRM (Contact + Asset) + DataPoints,Contact count · Asset.Tier__c change history (TBD) · DataPoints play activity (TBD — for Active VIP Players 7-day window),Partial,P1,5
VP-OVR-002,VIP Playbook,Overview,VIP KAM,Tab Toggle,As a VIP KAM I want to switch between Overview and My VIPs tabs without losing my table state so that I can check metrics mid-session without starting over.,Two tabs at top of VIP Playbook section: Overview · My VIPs | Active tab indicated with FD blue underline | Switching tabs preserves: active segment filter · search term · sort column + direction · current page | Tab selection persists within session,"Parent VIP Playbook LWC manages activeTab state property | Overview and My VIPs child components conditionally rendered via if:true/if:false template directives | Search term, sort field, sort direction, segment filter, and current page stored in parent LWC properties — not reset on tab switch | Active tab underline applied via SLDS tab CSS class binding",N/A (UI state management),N/A,Yes,P1,1
VP-OVR-003,VIP Playbook,Overview,VIP KAM,Promotion/Demotion Counts,As a VIP KAM I want to see the number of tier promotions and demotions in my book over the last 30 days so that I can track how my portfolio is changing.,Promotions (30d) card shows: count of tier promotions in last 30 days · X pending delta badge · VIPs opted-in this month progress bar subtext | Demotions (30d) card shows: count of tier demotions in last 30 days · +/- X vs prior period delta badge · Portfolio refreshed monthly progress bar subtext | Both counts respond to segment filter tabs | Promotion/demotion drill-through to filtered VIP list is a P2 enhancement,Promotions/Demotions count derived from Tier_Change__c custom history object or Asset.Tier__c Field History Tracking (confirm with FD) | SOQL filters: RecordCreatedDate within last 30 days AND change direction Promotion or Demotion | Delta badge requires two queries: current 30d window + prior 30d window | Segment filter passed as WHERE clause parameter | Drill-through to filtered VIP list is P2 — not required for MVP metric card,CRM (Asset),Asset.Tier__c change history (TBD — requires tier change audit trail or custom tracking object),TBD,P2,3
NBA-001,NBA Queue,Queue,VIP KAM,Queue Container,As a VIP KAM I want to see the Next Best Action queue organized into 4 strategy sections so that I can triage my actions by scenario type at a glance.,"Queue displays 4 strategy sections in order: NO CONTACT · CS ALERT · BIG LOSS · BONUS OPP | Total action count badge in component header (e.g. ""4 Actions"") | ""MVP Static NBA Recco"" badge indicates rule-based recommendations (not AI-generated) | Each section shows X of Y counter for unactioned cards in that bucket | Empty sections hidden when no cards present","LWC container component with 4 child strategy section components | Rule-based data retrieval — no Agentforce AI required for MVP | Total count badge from sum of all strategy card counts | Sections rendered conditionally via if:true | ""MVP Static NBA Recco"" badge: static label — removed when Phase 3 Agentforce integration is live",CRM (Contact + Asset + Task + Case) + DataPoints,Contact.Name · Asset.Tier__c · Asset.Segment__c · Task.ActivityDate · Case.Id,Partial,P1,3
NBA-002,NBA Queue,Queue,VIP KAM,No Contact Card,As a VIP KAM I want a No Contact card to fire for my top 10% VIPs by GGR L30 (SBK) or NGR L30 (CAS) when their contact cadence threshold is exceeded so that I can prioritize outreach for my highest-value players.,"Card fires only for VIPs in the top 10% of the KAM's book by GGR L30 (SBK) or NGR L30 (CAS) | Card shows: ""Contact Overdue – [VIP Name]"" title with VIP name as hyperlink · description with days since last contact and last contact date · tier · segment · GGR/NGR L30 (red if negative) · days overdue in red | Primary action: Log Contact | Secondary actions: Defer · Dismiss | VIPs outside the top 10% are managed via the Last Contact Tracker only — not surfaced in the NBA queue",Book rank field (Book_GGR_Rank_Pct__c for SBK / Book_NGR_Rank_Pct__c for CAS) on Contact — nightly data sync required | SOQL filter: rank ≤ 10 AND days since last Task.ActivityDate exceeds cadence threshold | Cadence threshold configurable per tier and segment via custom metadata | Log Contact action wires to standard Activity creation flow pre-filled with VIP context | Card count shown in NO CONTACT section header,CRM (Contact + Task) + DataPoints,Contact.Name · Asset.Tier__c · Asset.Segment__c · Task.ActivityDate · Book_GGR_Rank_Pct__c (custom — TBD) · Book_NGR_Rank_Pct__c (custom — TBD) · GGR_L30__c (TBD) · NGR_L30__c (TBD),Partial,P1,5
NBA-003,NBA Queue,Queue,VIP KAM,CS Alert Card,As a VIP KAM I want a CS Alert card to fire when one of my VIPs has an open Salesforce Case so that I can proactively reach out before the player escalates.,"Card fires when a Salesforce Case linked to a VIP Contact is open | Card shows: ""Open Case – [VIP Name]"" title · case number · issue description · time since case opened · tier · segment · ""Case open Xh"" in red · Priority: High/Medium/Low | Primary action: View Case | Secondary actions: Defer · Dismiss | Multiple open cases for the same VIP shown as separate cards","SOQL on Case object: WHERE ContactId IN KAM's VIP book AND Status != 'Closed' | Case.ContactId links to VIP Contact record | ""Time open"" calculated from Case.CreatedDate to NOW() | View Case action uses NavigationMixin to Case record page | Case.Priority standard field drives priority label | Card count shown in CS ALERT section header",CRM (Case),Case.Id · Case.CaseNumber · Case.Subject · Case.Description · Case.CreatedDate · Case.Status · Case.Priority · Case.ContactId,Yes,P1,3
NBA-004,NBA Queue,Queue,VIP KAM,Big Loss Card,"As a VIP KAM I want a Big Loss card to fire when one of my VIPs records a loss of $100,000 or more so that I can respond with empathetic outreach at the right moment.","Card fires when a VIP's loss reaches the $100,000 threshold (data from Insights object) | Card shows: ""Significant Loss Event – [VIP Name]"" title · dollar loss amount in red · guidance: ""Empathy outreach recommended — no promotional messaging"" · tier · segment | Primary action: View Wagers | Secondary actions: Defer (24h) · Dismiss | Note: the 5x daily average multiple drives severity rating on the Insights tracker (AWS) only — it does not trigger this card",DataPoints or Player Intelligence Engine daily sync for single-day loss and L30 daily average handle | Loss trigger: daily batch job comparing today's loss to L30 daily avg using configurable multiplier (default 5×) | Empathy guidance is static copy on card — not AI-generated in MVP | View Wagers action opens wager history modal or record page | Default Defer window for Big Loss is 24h (configurable via custom metadata),DataPoints / CRM,GGR_Today__c (TBD — DataPoints) · GGR_L30_Daily_Avg__c (TBD — DataPoints) · Contact.Name · Asset.Tier__c · Asset.Segment__c,TBD,P1,5
NBA-005,NBA Queue,Queue,VIP KAM,Bonus Opp Card,As a VIP KAM I want a Bonus Opportunity card to fire when a VIP has not received a KAM-issued bonus in 15+ days AND their RTC handle is below target so that I can re-engage them with an incentive at the right moment.,"Card fires when: (1) days since last KAM-issued bonus >= 15 days AND (2) current RTC (blended) is below target RTC (state/target on Asset) | System-generated promotions do not satisfy the 15-day KAM-issued bonus check | Card does not fire within 72 hours of a VIP's suspension being lifted (Q-011 — suspension source field TBD: Contact/Asset/Insights) | Card shows: ""Re-engagement Opportunity – [VIP Name]"" title · days since last bonus · ""RTC below target"" indicator in amber · tier · segment | Primary action: Issue Bonus | Secondary actions: Defer · Dismiss | RG-flagged VIPs: card suppressed at strategy level — not generated at all",Last_KAM_Bonus_Date__c on Contact or Custom Bonus Object for days-since calculation | RTC_Handle__c and RTC_Target__c fields required (TBD — DataPoints or custom object) | Card trigger: daily batch or Scheduled Flow evaluating both conditions | Issue Bonus action opens bonus issuance modal pre-filled with VIP context | Threshold configurable per tier/segment via custom metadata | Distinguishes KAM-issued bonuses from system-generated promotions,CRM (Custom Bonus Object) + DataPoints (RTC data),Last_KAM_Bonus_Date__c (TBD) · RTC_Handle__c (TBD) · RTC_Target__c (TBD) · Contact.Name · Asset.Tier__c · Asset.Segment__c,TBD,P1,5
NBA-006,NBA Queue,Queue,VIP KAM,Bucket Counter,As a VIP KAM I want each strategy section to show an X of Y counter so that I know how many cards are in each bucket without scrolling through all of them.,"Each strategy section header shows ""X of Y"" (e.g. ""1 of 8"") | Counter reflects unactioned cards only — decrements as cards are actioned, deferred, or dismissed | Section header hidden when count reaches 0 | Total action count badge in queue header reflects sum across all buckets and updates in real time",Card count per strategy type derived from SOQL COUNT on initial load | Counter is reactive — LWC custom event dispatched from card component to parent queue container on action | Parent queue container decrements bucket counter and total count badge client-side without re-querying | Zero-state: section conditionally hidden when count = 0,CRM,N/A (UI state derived from card query results),Yes,P1,2
NBA-007,NBA Queue,Queue,VIP KAM,Defer Action,As a VIP KAM I want to defer a card for 24 hours so that the action returns to my queue the following day.,Defer button available on every card across all 4 strategy types | Clicking Defer snoozes the card for 24 hours across all strategy types | Deferred cards removed from active queue immediately | Card reappears in queue automatically when 24-hour window expires | Deferral logged against VIP record with timestamp and strategy type | Note: whether Big Loss cards with concerning behavior can be deferred or require immediate action is pending Andy Q-010,Deferral_Until__c datetime field on NBA action record (TBD object) | Scheduled Flow or batch job re-surfaces cards when Deferral_Until__c <= NOW() | Active queue filters out cards WHERE Deferral_Until__c > NOW() | Deferral duration defaults stored in custom metadata — SA configurable | Activity/log entry created on deferral for audit trail,CRM,NBA_Action__c.Deferral_Until__c (TBD) · NBA_Action__c.Status__c (TBD),TBD,P1,3
NBA-008,NBA Queue,Queue,VIP KAM,Dismiss Action,As a VIP KAM I want to dismiss a card with a required reason so that the queue stays clean and my override is logged for reporting.,"Dismiss button available on every card across all 4 strategy types | Dismiss requires selecting a reason: Not Relevant · Already Handled · Timing Not Right · Other | Confirm button disabled until a reason is selected | Dismissed cards removed from active queue immediately and do not reappear (unlike Defer) | Dismissal logged against VIP record with reason, timestamp, and strategy type",Dismiss_Reason__c picklist field on NBA action record | Status__c updated to Dismissed on confirm | Dismiss reason and timestamp recorded on NBA record or as activity log entry | Soft delete only — dismissed records retained for analytics and reporting | Card removed from LWC queue immediately on confirm (optimistic UI update before Apex write completes) | Reason picklist values configurable by SA/admin,CRM,NBA_Action__c.Dismiss_Reason__c (TBD) · NBA_Action__c.Status__c (TBD) · NBA_Action__c.Dismissed_At__c (TBD),TBD,P1,2
PA-001,Player Awareness,Big Swings,VIP KAM,Big Swings Layout,As a VIP KAM I want to see the Big Swings tab split into Top Winners (24h) and Big Losses (24h) sections so that I can immediately identify which VIPs had outsized results today and take appropriate action.,"Big Swings tab displays two labelled sub-sections: ""Top Winners (24h)"" and ""Big Losses (24h)"" | Each section is a table with columns: VIP NAME · PRODUCT · $ · View Wager | Top Winners: $ values displayed in green with + prefix · sorted by amount descending | Big Losses: $ values displayed in red · sorted by amount descending | VIP names are hyperlinks to Contact records | ""Data to reflect AWS Agent"" badge displayed on component header | Data refreshed on page load",LWC component with two sub-section tables from separate DataPoints data sets | AWS Agent provides session data — Salesforce integration TBD (direct callout or data sync object) | Top Winners and Big Losses queries filtered by 24h window and sorted by Session_Amount__c | PRODUCT column maps Asset.Segment__c to display label (Sportsbook/Casino/DFS) | VIP name hyperlink via NavigationMixin to Contact record,DataPoints (via AWS Agent),Contact.Name · Asset.Segment__c (Product) · Session_Amount__c (DataPoints — TBD),TBD,P1,5
PA-002,Player Awareness,Big Swings,VIP KAM,Sessions & Stake Variance,As a VIP KAM I want to see session count and % change vs average stake for each Big Swings VIP so that I can understand whether the event is a one-off or part of a pattern.,"Session count (Session_Count_Recent__c) visible on each Big Swings row or in the View Wager detail | % change vs avg stake derived from Session_Amount__c vs Avg_Stake__c baseline | Display format: e.g. ""5.4× avg"" or ""+440% vs avg"" | Avg stake baseline sourced from DataPoints | Requires avg stake baseline field from DataPoints — confirm availability with FD platform team",Avg_Stake__c baseline field from DataPoints required — TBD whether pre-computed or Apex-derived | % change calculated client-side or via Apex: Session_Amount__c ÷ Avg_Stake__c | Session_Count_Recent__c from DataPoints AWS Agent data sync | Display as supporting metadata on row or in View Wager detail panel,DataPoints (via AWS Agent),Session_Count_Recent__c (DataPoints — TBD) · Avg_Stake__c (DataPoints — TBD) · Derived: Session_Amount__c ÷ Avg_Stake__c,TBD,P1,3
PA-003,Player Awareness,Big Swings,VIP KAM,Welfare Check Flag,As a VIP KAM I want a visual welfare check flag on a Big Swings row when a VIP's loss exceeds the RG policy threshold so that I can respond quickly for player wellbeing.,"Welfare Check flag displayed on row when loss amount exceeds configured RG threshold | Flag is visually distinct (amber/red icon or badge) | Threshold definition TBD — owned by compliance, product, or configurable by SA | Flag prompts KAM to take welfare-oriented action before standard outreach | Open question: who defines and maintains the threshold?",Welfare_Check_Flag__c boolean field — source TBD (compliance-owned or DataPoints-derived) | RG threshold configurable via custom metadata or compliance-managed setting | LWC conditional rendering: display flag when Welfare_Check_Flag__c = true | Threshold definition and flag ownership must be confirmed with FanDuel compliance/RG team before build,TBD (compliance / RG team),Welfare_Check_Flag__c (TBD — boolean) · RG threshold config (TBD — custom metadata or compliance policy),TBD,P1,3
PA-004,Player Awareness,Big Swings,VIP KAM,View Wager Action,As a VIP KAM I want to view the detailed wager history for a flagged VIP directly from the Big Swings tab so that I can understand the context before reaching out.,View Wager button on each row in both Top Winners and Big Losses sections | Clicking opens wager detail view (modal or side panel) | Detail shows session-by-session breakdown: date · session result · stake · product | Scrollable history for the alert window | Close returns to Big Swings tab,Wager history data from DataPoints AWS Agent — volume and granularity TBD | Detail modal or side panel LWC receiving ContactId and session context | High data volume risk: individual session records may not be suitable for CRM storage — confirm with FD platform team whether API callout (real-time) or pre-aggregated sync object | lwc:modal or NavigationMixin pattern for detail view,DataPoints (via AWS Agent),Wager history detail fields (TBD — DataPoints custom object; volume/granularity may require separate data layer),TBD,P1,5
PA-005,Player Awareness,Losing Streaks,VIP KAM,Losing Streaks List,As a VIP KAM I want to see VIPs on extended back-to-back losing sessions so that I can proactively reach out with support or a retention offer before they disengage.,Losing Streaks tab shows VIPs with consecutive losing sessions | Each row: VIP NAME · consecutive loss count · net loss over alert period · product | Sorted by consecutive losses descending | Net loss and consecutive loss count displayed in red | VIP names are hyperlinks to Contact records | Period window definition TBD — confirm with FD/DataPoints,Consecutive_Losses__c and Net_Loss__c from DataPoints AWS Agent data sync | Period window (e.g. last 7 days) configurable via custom metadata | Consecutive loss streak calculated by DataPoints — confirm if pre-computed or derived in Salesforce | SOQL or API callout filtered to KAM's assigned VIPs only,DataPoints (via AWS Agent),Consecutive_Losses__c (DataPoints — TBD) · Net_Loss__c (DataPoints — TBD) · Contact.Name · Asset.Segment__c,TBD,P1,3
PA-006,Player Awareness,Losing Streaks,VIP KAM,Wager History Detail,As a VIP KAM I want to expand a Losing Streaks row to see a session-by-session wager breakdown so that I can understand the pattern before reaching out.,Expandable row or View Wager button on each Losing Streaks row | Expanded view shows: date · session result · stake · product per session | Last 10 sessions minimum | Close/collapse returns to Losing Streaks list | Note: data volume and granularity may require a streaming or separate data layer outside CRM — to be confirmed with FD platform team,Wager history session data from DataPoints AWS Agent | High data volume risk — individual session records may not be suitable for standard CRM storage | Confirm with FD platform team whether session-level data is exposed via real-time API callout or pre-aggregated sync object | LWC expand/collapse pattern or separate modal,DataPoints (via AWS Agent),Wager history session fields (TBD — DataPoints; volume/granularity TBD — may need streaming layer),TBD,P2,5
PA-007,Player Awareness,Payment Alerts,VIP KAM,Payment Alerts List,As a VIP KAM I want to see VIPs with pending or declined withdrawal requests so that I can escalate or assist before they become frustrated.,"Payment Alerts tab shows VIPs with outstanding withdrawal issues | Each row: VIP NAME · withdrawal amount · withdrawal status (Pending/Declined/Approved) · consecutive decline count | Declined rows highlighted in red | Sorted by decline count descending | ""Pending Data Source"" badge on tab — data source not yet confirmed | P3 backlog until AWS Agent integration for withdrawal data is confirmed","Withdrawal_Amount__c · Withdrawal_Status__c · Decline_Count__c from DataPoints — third-party source not yet confirmed | Tab visible in prototype but data pending — show ""Pending Data Source"" placeholder state until integration is live | All field API names TBD pending DataPoints/AWS Agent confirmation | P3 — not required for MVP Track A build",DataPoints (via AWS Agent — Pending),Withdrawal_Amount__c (TBD — DataPoints) · Withdrawal_Status__c (TBD — DataPoints) · Decline_Count__c (TBD — DataPoints) · Contact.Name,TBD,P3,3
PA-008,Player Awareness,Payment Alerts,VIP KAM,Escalation SLA,As a VIP KAM I want to see the escalation SLA on each payment alert row so that I know how quickly I need to respond to a withdrawal issue.,"Escalation SLA displayed as countdown or label on each payment alert row | SLA definition TBD — hardcoded rule, operational policy config, or manual | SLA approaching: amber indicator | SLA breached: red indicator | Open question: SLA ownership — compliance team, product, or KAM-configurable?",Escalation SLA policy TBD — if hardcoded: static value in LWC; if configurable: custom metadata type | SLA countdown calculated from withdrawal CreatedDate timestamp | Confirm SLA ownership with FD operations/compliance team before build | P3 — dependent on Payment Alerts data source confirmation,TBD (operational policy — hardcoded or configurable),Escalation SLA (TBD — operational policy) · Withdrawal_CreatedDate (TBD — for countdown calculation),TBD,P3,2
TWPC-001,Tasks & WPC,My Tasks,VIP KAM,My Tasks List,As a VIP KAM I want to see my outstanding tasks in a list on the My Tasks tab so that I have a single view of everything I need to action today.,"My Tasks tab displays all tasks assigned to the logged-in KAM | Each row: checkbox · task title · meta line (Due Today / Due [Date] · Segment abbreviation) · View Contact link | Sorted by due date ascending (most urgent first) | Total task count badge in component header | ""Use Existing Rules"" badge on component header | ""View All Tasks"" link in footer","LWC list querying Task records WHERE OwnerId = logged-in user | Task.ActivityDate formatted as ""Due Today"" when date = TODAY() else ""Due [Date]"" | Segment abbreviation via Task.WhoId → Contact → Asset.Segment__c | Sorted by ActivityDate ASC",CRM (Task + Contact + Asset),Task.Subject · Task.ActivityDate · Task.Status · Task.WhoId · Asset.Segment__c (TBD — confirm segment labeling via Contact),Yes,P1,3
TWPC-002,Tasks & WPC,My Tasks,VIP KAM,Task Status Toggle,As a VIP KAM I want to check off a task directly from the list so that I can mark it done without navigating to the Task record.,"Checkbox on each task row reflects Task.Status — unchecked = Pending · checked = Done | Toggling checkbox updates Task.Status in Salesforce | Done rows: title rendered with green strikethrough · meta line shows ""Completed [Date] · Segment"" in green | Checkbox update is optimistic — row styles immediately on click before Apex write confirms | Undoing check restores pending state",Apex method updates Task.Status to Completed on checkbox toggle | LWC optimistic UI: apply done styling client-side on click before Apex confirmation | Task.ActivityDate updated to today on completion | Undo requires second Apex call to revert Task.Status,CRM (Task),Task.Status (Picklist — Pending/Done) · Task.ActivityDate,Yes,P1,3
TWPC-003,Tasks & WPC,My Tasks,VIP KAM,Task Sub-filter,As a VIP KAM I want to filter my task list by All / Pending / Done so that I can focus on what still needs action or review what I've completed.,Three filter pills: All (default active) · Pending · Done | Client-side filter — no additional Salesforce query | All: shows all tasks | Pending: shows tasks where Status = Pending | Done: shows tasks where Status = Done | Active filter pill filled/highlighted | Filter selection persists during session,Client-side JS array filter on LWC component data — no Apex re-query on filter change | Task.Status drives filter logic | Active filter stored in LWC component property | Filter pills rendered as SLDS button-group with active state styling,CRM (Task — client filter only),Task.Status (client-side filter — no additional query),Yes,P1,1
TWPC-004,Tasks & WPC,My Tasks,VIP KAM,Urgent Flag,"As a VIP KAM I want urgent tasks flagged with an inline ""Urgent"" label so that I can immediately see which tasks require immediate action.","""Urgent"" label displayed inline next to task title in red text | Appears on tasks meeting urgency criteria (e.g. welfare-related, overdue high-priority tasks) | Urgency trigger TBD — confirm whether Task.Priority = High, a custom field, or specific task type | Visible across All and Pending sub-filters",Task.Priority = High or Urgent_Flag__c boolean drives conditional label rendering | LWC conditional template: display Urgent span when isUrgent = true | Urgency criteria TBD — confirm field with FD | SLDS text-color-destructive for red label styling,CRM (Task),Task.Priority (standard picklist) or Urgent_Flag__c (TBD — confirm urgency trigger with FD),TBD,P1,2
TWPC-005,Tasks & WPC,My Tasks,VIP KAM,View All Tasks Footer,"As a VIP KAM I want a ""View All Tasks"" link at the bottom of My Tasks so that I can access my full task list without the component row limit.","""View All Tasks"" link in footer of My Tasks tab | Opens full Salesforce Task list view in a new browser tab | Styled as FD blue text link | Footer visible regardless of task count",NavigationMixin.Navigate to standard__objectPage for Task (list view) or specific Task list view ID | Opens in new tab | Renders as SLDS anchor in LWC footer slot | Target list view URL TBD,N/A (navigation action),N/A — target URL TBD (Salesforce Task list view),Yes,P1,1
TWPC-006,Tasks & WPC,Weekly Priority Contacts,VIP KAM,WPC List,As a VIP KAM I want to see my Weekly Priority Contacts list with each VIP's status and days since last contact so that I know who to reach out to this week and how overdue each contact is.,"Weekly Priority Contacts tab shows all VIPs on the KAM's WPC list for the current week | Each row: VIP name (hyperlink · strikethrough when complete) · meta line (Segment · Nd since contact) · status pill (Not Started/In Progress/Complete) · Log Contact button (hidden on Complete rows) | Sorted by days since contact descending (most overdue first) | Complete rows: strikethrough name · green Complete pill · no Log Contact button | ""Use Existing Rules"" badge on component header",WPC list query — generation mechanism TBD (manager-assigned / rule-based / Agentforce — confirm with FD) | Days since contact derived from most recent Task/Event ActivityDate for that Contact (excludes campaign emails) | Segment from Asset.Segment__c via Contact | WPC Status TBD — Task.Status or custom WPC_Status__c | SOQL filtered to current week WPC records for logged-in KAM,CRM (Contact + Task/Event + Asset),Contact.Name · Asset.Segment__c (TBD — confirm segment labeling) · Task.ActivityDate (derived days since contact — excludes campaign emails) · WPC_Status__c (TBD — Task.Status or custom field),Partial,P1,3
TWPC-007,Tasks & WPC,Weekly Priority Contacts,VIP KAM,Progress Counter,As a VIP KAM I want to see a progress counter showing how many WPC contacts I've completed this week so that I can track my weekly cadence at a glance.,"""N of X complete"" label at top of Weekly Priority Contacts tab (e.g. ""3 of 7 complete"") | Counter increments when a WPC row is marked Complete | Reflects current week's WPC list only | Updates in real time as Log Contact actions complete",Derived COUNT: SOQL aggregate on WPC records WHERE Status = Complete AND week = current week | Counter updates client-side on Log Contact submission (optimistic increment) | Total count from WPC list query result set length,CRM (Task — aggregate),Derived from Task.Status aggregate (WPC records — current week filter),Partial,P1,2
TWPC-008,Tasks & WPC,Weekly Priority Contacts,VIP KAM,WPC Status Pill,"As a VIP KAM I want each WPC row to show a status pill so that I can see at a glance whether I've started, am in progress, or have completed outreach for each VIP this week.",Status pill per WPC row: Not Started (gray) · In Progress (blue) · Complete (green) | Complete rows: VIP name struck-through · Log Contact button hidden | Status TBD — driven by Task.Status or custom WPC_Status__c — confirm with FD team,WPC_Status__c picklist on WPC Task or Contact record — confirm field and object with FD | LWC pill with conditional styling: gray/blue/green based on status value | Status updated to Complete automatically on Log Contact submission | In Progress status — confirm whether KAM-manual or triggered automatically,CRM (Task or custom WPC object),WPC_Status__c (TBD — Task.Status or custom field; picklist: Not Started/In Progress/Complete),TBD,P1,3
TWPC-009,Tasks & WPC,Weekly Priority Contacts,VIP KAM,Log Contact Action,As a VIP KAM I want to log a contact for a WPC VIP directly from the list so that I can mark the outreach complete without navigating away.,Log Contact button on each non-Complete WPC row | Clicking opens Log Contact modal pre-filled with VIP name and context | Modal fields: Contact Type · Date/Time (auto-filled) · Notes · Outcome | Submission: creates Task record · marks WPC row Complete · updates Last Contact date on VIP record · progress counter increments | Toast confirmation on success | Log Contact button hidden after row is marked Complete,Log Contact modal LWC wired to WPC row Contact context | Apex creates Task on submission: Task.Subject · Task.Description · Task.ActivityDate · Task.Type · Task.WhoId | WPC status updated to Complete via Flow trigger or Apex on Task creation | Last Contact date update via trigger on Task creation | Progress counter incremented client-side on submit,CRM (Task + Contact),Task.Subject · Task.Description · Task.ActivityDate · Task.Type · Task.WhoId (Contact) · WPC_Status__c (TBD),Yes,P1,5
TWPC-010,Tasks & WPC,Weekly Priority Contacts,VIP KAM,View All WPC Footer,"As a VIP KAM I want a ""View All WPC"" link at the bottom of the Weekly Priority Contacts tab so that I can access the full WPC list without the component row limit.","""View All WPC"" link in footer of Weekly Priority Contacts tab | Opens full WPC list in a new browser tab | Styled as FD blue text link | Footer visible regardless of WPC count",NavigationMixin.Navigate to WPC list view (Salesforce list view of WPC Task records or custom WPC object — URL TBD) | Opens in new tab | Renders as SLDS anchor in LWC footer slot,N/A (navigation action),N/A — target URL TBD (WPC list view),Yes,P1,1
OB-001,Onboarding & Offboarding,New VIPs,VIP KAM,New VIP Onboarding List,As a VIP KAM I want to see all VIPs currently in their 6-week onboarding window so that I can track their progress and take timely actions.,"New VIPs tab shows players within 6-week window | Each row: VIP name (clickable link) · segment · onboarding start date · current week (Wk 1–6, progress indicator) · KYC status pill | Sorted by onboarding week ascending (newest additions last) | VIPs with no logged contact within 3 days of joining show ⚠ warning flag | Flag tooltip: 'No contact logged — target is within 3 days of join'",LWC list component wired to Contact records where Onboarding_Start_Date__c is within last 42 days | SOQL joins Contact + Asset (segment/tier) + Task (last contact) | No-contact flag derived client-side from join date and last Task date | Week badge calculated from days since Onboarding_Start_Date__c | KYC status pill rendered from KYC_Status__c (TBD field) | Default sort: Onboarding_Start_Date__c ASC,CRM,Contact.Name · Asset.Onboarding_Start_Date__c (TBD — Need FD input) · Derived Onboarding_Week · KYC_Status__c (TBD — Need FD input),Partial,P1,3
OB-002,Onboarding & Offboarding,New VIPs,VIP KAM,Week Milestone,As a VIP KAM I want to see which week of onboarding each new VIP is in so that I know which milestone actions are due.,Week number badge visible on each onboarding row (Wk 1–Wk 6) rendered as a progress indicator | Week 5–6 highlighted in amber as approaching end of window | Tooltip or inline guidance on what action is expected each week,Calculated week field derived from Asset.Onboarding_Start_Date__c: FLOOR(days_since_join / 7) + 1 | LWC badge renders Wk 1–6 with progress indicator styling | Amber styling applied when week >= 5 | Tooltip content configurable via custom metadata or static resource,CRM,Asset.Onboarding_Start_Date__c (TBD — Need FD input) · Derived: FLOOR(days since Onboarding_Start_Date__c / 7) + 1,Partial,P1,3
OB-003,Onboarding & Offboarding,New VIPs,VIP KAM,Send Email Action,As a VIP KAM I want to send an email to a new VIP from the ⋮ menu on their onboarding row so that I can reach out using synced email templates without leaving the console.,⋮ menu includes Send Email option | Clicking opens email compose pre-filled with VIP name and a synced template | Email delivery mechanism TBD (Salesforce Email Action or external email client) | No Salesforce write required for email send unless auto-logging is configured | Action is a dependency — final action set to be confirmed with customer,Email Action LWC or NavigationMixin deep link to email compose | Synced email template mechanism TBD — Salesforce Email Template object or external email integration | Auto-log on send TBD — confirm with FD whether email sends create a Task record | Action set is an open dependency: confirm full ⋮ menu with FanDuel before build,TBD,TBD (email delivery mechanism TBD — Need FD input),TBD,P2,3
OB-004,Onboarding & Offboarding,New VIPs,VIP KAM,KYC Status Display,As a VIP KAM I want to see each new VIP's KYC verification status on the onboarding row so that I know if there are outstanding verification requirements.,KYC status displays as a pill: Pending / Verified / Failed | Status is display-only in MVP — no bonus action gate | KYC_Status__c source TBD — requires FanDuel input on object and field API name | Send KYC Form action is a dependency (delivery mechanism TBD — confirm with customer),"KYC_Status__c field on TBD object — source requires FD input | LWC pill badge with conditional color: Pending=gray · Verified=green · Failed=red | No gating logic on bonus actions in MVP — display only | Send KYC Form action is a dependency: delivery mechanism TBD, not blocking MVP build",CRM (TBD — Need FD input),KYC_Status__c (TBD — Need FD input on object and field API name),TBD,P2,2
OB-005,Onboarding & Offboarding,Churn & Demotion,VIP KAM,Churn & Demotion Risk List,As a VIP KAM I want to see VIPs flagged as churn or demotion risks so that I can prioritize retention outreach before it is too late.,Churn/Demotion tab shows at-risk VIPs | Each row: name (clickable link) · segment · tier · churn risk level pill (High/Med/Low) · key risk signals · last deposit date · deposit frequency change indicator | Sorted by risk level descending,Churn risk score and signals sourced from Asset fields (TBD — FD input required on whether a predictive churn model exists in Salesforce) | Last_Deposit_Date__c and Deposit_Frequency__c from DataPoints batch sync to Asset or custom object (TBD) | LWC list sorted by risk level: High > Medium > Low | Deposit frequency change shown as trend indicator (up/down delta) | Source objects TBD — confirm with FanDuel data team,CRM + DataPoints,Contact.Name · Asset.Churn_Risk__c (TBD) · Asset.Churn_Signals__c (TBD) · Asset.Last_Deposit_Date__c (DataPoints — TBD) · [Source].Deposit_Frequency__c (DataPoints — TBD),TBD,P1,5
OB-006,Onboarding & Offboarding,Churn & Demotion,VIP KAM,Row Actions — Churn & Demotion,As a VIP KAM I want a ⋮ overflow menu on each churn and demotion risk row so that I can take action on at-risk VIPs without leaving the tracker.,⋮ menu on each churn/demotion row | Default actions: View Profile · Send Email · Log Contact · Issue Bonus | Same base action pattern as VIP Playbook ⋮ menu plus Send Email | Actions list is a dependency — final set to be confirmed with customer | Each action follows same pattern as VIP Playbook: Log Contact writes a Task; Issue Bonus opens bonus modal; View Profile navigates to Contact record; Send Email TBD,"SLDS overflow menu LWC — same component pattern as VP-TBL-009 | View Profile: NavigationMixin.Navigate to standard__recordPage (Contact, view) | Log Contact: Task write (Subject, Description, ActivityDate, Type) — same as VIP Playbook | Issue Bonus: custom bonus modal — same as VIP Playbook | Send Email: TBD delivery mechanism | Action set is an open dependency — confirm with FanDuel before finalizing",CRM,"Contact.Name · Task (Subject, Description, ActivityDate, Type) · Custom Bonus Object (Bonus_Amount__c, Bonus_Type__c TBD) · TBD (email)",Partial,P1,5
OB-007,Onboarding & Offboarding,Churn & Demotion,VIP KAM,Initiate Demotion,As a VIP KAM I want to initiate a demotion workflow for a VIP who no longer meets tier criteria so that the process is documented and compliant.,Demote option in ⋮ menu on each churn/demotion row | Opens demotion confirmation modal: VIP name + demotion reason picklist + impact summary | Confirming triggers downstream workflow: compliance notification + player notification + record update | Demotion reason required before confirm is enabled,Demotion_Reason__c picklist field on TBD object — picklist values to be defined with FD | Demotion_Status__c field on TBD object tracks current demotion state | Demotion workflow via Salesforce Flow: compliance notification → player notification → tier field update | Confirm button gated on reason selection via LWC validation | Audit trail via field history tracking on tier field | Source objects TBD — confirm with FanDuel,CRM (TBD),[Source].Demotion_Reason__c (TBD — picklist values TBD with FD) · [Source].Demotion_Status__c (TBD),TBD,P1,8
OB-008,Onboarding & Offboarding,Churn & Demotion,KAM Manager,Demotion Approval,As a KAM Manager I want to review and approve demotion requests before they are finalized so that we maintain consistent standards.,Demotion requests appear in manager approval queue | Manager can: Approve / Reject / Request More Info | Approved demotions trigger final workflow execution | Rejected demotions notify the originating KAM with reason,Demotion approval record linked to VIP + originating KAM | Manager approval queue LWC filtered by Demotion_Status__c = Pending Approval | Approval/Rejection triggers flow continuation with appropriate notifications | Rejection reason field required on reject action | Source object TBD — confirm with FanDuel,CRM (TBD),[Source].Demotion_Status__c (TBD) · [Source].Demotion_Reason__c (TBD) · Contact.Name,TBD,P2,5
OB-009,Onboarding & Offboarding,New VIPs,VIP KAM,No-Contact Flag,As a VIP KAM I want to see a visual warning on any new VIP I haven't contacted within 3 days of joining so that I can prioritize first outreach before the window passes.,⚠ flag displays on onboarding row when no contact logged and VIP joined >3 days ago | Flag rendered in amber on VIP name or Joined column | Day count on Joined column color-coded: ≤3d=green · 4–7d=amber · >10d=red if no update | Tooltip on flag: 'No contact logged — past 3-day target',Formula field or Flow-calculated boolean: no Activity logged AND Contact.CreatedDate > 3 days ago | LWC conditional icon + color on Joined column cell | Days since join calculated client-side from Contact.CreatedDate or via formula field | Tooltip text driven by static label or custom metadata,CRM,Contact.CreatedDate · Task.ActivityDate (last contact date),Yes,P1,2
OB-010,Onboarding & Offboarding,New VIPs,VIP KAM,Row Actions — New VIPs,As a VIP KAM I want a ⋮ overflow menu on each onboarding row so that I can take action on new VIPs without leaving the tracker.,⋮ menu on each onboarding row | Default actions: View Profile · Send Email · Log Contact · Issue Bonus · Mark Complete | Mark Complete updates onboarding status and removes row from New VIPs list | Same base action pattern as VIP Playbook ⋮ menu plus Send Email and Mark Complete | Actions list is a dependency — final set to be confirmed with customer,"SLDS overflow menu LWC — same component pattern as VP-TBL-009 | View Profile: NavigationMixin.Navigate to standard__recordPage (Contact, view) | Log Contact: Task write (Subject, Description, ActivityDate, Type) — same as VIP Playbook | Issue Bonus: custom bonus modal — same as VIP Playbook | Send Email: TBD delivery mechanism | Mark Complete: sets Asset.Onboarding_Status__c = Complete, triggers LWC row removal from list | Action set is an open dependency — confirm with FanDuel before finalizing",CRM,"Contact.Name · Task (Subject, Description, ActivityDate, Type) · Custom Bonus Object (Bonus_Amount__c, Bonus_Type__c TBD) · Asset.Onboarding_Status__c (TBD — Need FD input) · TBD (email)",Partial,P1,5
LCT-001,Last Contact Tracker,,VIP KAM,Contact Cadence View,As a VIP KAM I want to see my full VIP book sorted by priority then by days since last contact so that I always lead with my most valuable players and catch anyone overdue.,"VIP table sorted by priority book (top 10% GGR SBK / NGR CAS first) then days since last contact ASC (most overdue first) | Columns: VIP name (clickable link) · Cadence Status pill · Days Since Contact (number, color-coded) · Contact Type · Contact Log Notes · Contact Outcome | Cadence thresholds: ≤14d=In Cadence (green) · 15–19d=Due Soon (amber) · 20d+=Overdue (red) | Campaign emails excluded from days calculation | Color coding applied to row and status pill",SOQL query on Activity records to derive last contact date per VIP | Days since calculated field | LWC data table with conditional row coloring | Sort on days-since field descending by default | Scoped to logged-in KAM's book,CRM (Task/Event),"Contact.Name · Task/Event.ActivityDate (derived: days since last contact; ≤14d=In Cadence · 15–19d=Due Soon · 20d+=Overdue; campaign emails excluded) · Task.Type / Event.Type (Call/Email/In-Person/Event) · Task.Description (contact log notes) · Task.Result__c / Outcome__c (TBD — custom picklist, values TBD with FD)",Partial,P1,3
LCT-002,Last Contact Tracker,,VIP KAM,Cadence Status Filtering,As a VIP KAM I want to filter the contact tracker by cadence status so that I can focus on overdue contacts across my full book or priority book only.,Filter tabs: All · In Cadence · Due Soon · Overdue | Filters apply across both Priority Book and Full Book sections | Empty section hidden when filter produces no matches in that group | Count badge per tab reflects filtered total,Cadence status derived from days-since-contact thresholds (configurable via custom metadata) | LWC tab component with count badges | Client-side filtering on pre-fetched dataset | Default tab selection logic checks for overdue records on load,CRM (Task/Event),"Contact.Name · Task/Event.ActivityDate (derived: days since last contact; ≤14d=In Cadence · 15–19d=Due Soon · 20d+=Overdue; campaign emails excluded) · Task.Type / Event.Type (Call/Email/In-Person/Event) · Task.Description (contact log notes) · Task.Result__c / Outcome__c (TBD — custom picklist, values TBD with FD)",Partial,P1,2
LCT-003,Last Contact Tracker,,VIP KAM,Contact Actions from Tracker,As a VIP KAM I want a ⋮ overflow menu on each tracker row so that I can take follow-up actions on a VIP without navigating away from the tracker.,"⋮ menu on each tracker row | Default actions: View Profile · Send Email · Log Contact · Issue Bonus | Same base action pattern as VIP Playbook ⋮ menu plus Send Email | Log Contact opens modal with: contact type, notes, outcome, date | Action set is a dependency — final set to be confirmed with customer","SLDS overflow menu LWC — same component pattern as VP-TBL-009 | Log Contact: Task write (Subject, Description, ActivityDate, Type, Result__c/Outcome__c) | Send Email: TBD delivery mechanism | Issue Bonus: custom bonus modal | View Profile: NavigationMixin to Contact record | Action set is an open dependency",CRM (Task/Event),"Contact.Name · Task/Event.ActivityDate (derived: days since last contact; ≤14d=In Cadence · 15–19d=Due Soon · 20d+=Overdue; campaign emails excluded) · Task.Type / Event.Type (Call/Email/In-Person/Event) · Task.Description (contact log notes) · Task.Result__c / Outcome__c (TBD — custom picklist, values TBD with FD)",Partial,P1,5
LCT-004,Last Contact Tracker,,VIP KAM,Contact Log Modal,"As a VIP KAM I want the contact log modal to capture contact type, notes, and outcome so that the record is meaningful for future reference.",Modal fields: Contact Type (Call / Email / Text / In-Person / Event) · Date/Time · Notes · Outcome | All fields except Notes are required | Submission triggers toast confirmation,Activity record with custom fields: Contact Type picklist + Outcome picklist | Date/Time auto-populated to now (editable) | LWC modal with field validation before submit | Toast confirmation on Activity record creation success,CRM (Task/Event),"Contact.Name · Task/Event.ActivityDate (derived: days since last contact; ≤14d=In Cadence · 15–19d=Due Soon · 20d+=Overdue; campaign emails excluded) · Task.Type / Event.Type (Call/Email/In-Person/Event) · Task.Description (contact log notes) · Task.Result__c / Outcome__c (TBD — custom picklist, values TBD with FD)",Partial,P1,3
LCT-005,Last Contact Tracker,,KAM Manager,Team Contact Health,As a KAM Manager I want to see a summary of my team's contact cadence health so that I can identify KAMs who are falling behind on player engagement.,Manager view: count of Overdue / Due Soon / In Cadence across team | Filter by individual KAM | Export option for weekly reporting,Aggregate SOQL scoped to manager's direct reports' books | Summary metrics: counts per cadence status per KAM | LWC manager dashboard component | Export via Salesforce Report or CSV download from LWC,CRM (Task/Event),"Contact.Name · Task/Event.ActivityDate (derived: days since last contact; ≤14d=In Cadence · 15–19d=Due Soon · 20d+=Overdue; campaign emails excluded) · Task.Type / Event.Type (Call/Email/In-Person/Event) · Task.Description (contact log notes) · Task.Result__c / Outcome__c (TBD — custom picklist, values TBD with FD)",Partial,P2,5
LCT-006,Last Contact Tracker,,VIP KAM,Paginated View,As a VIP KAM I want the Last Contact Tracker to paginate my full book of business so that I can review all VIPs (260–500) without the list becoming unmanageable.,Tracker paginates at 10 rows per page (configurable) | Pagination footer shows: 'Showing X–Y of Z VIPs' + ‹ Prev / Next › controls | Sort and filter state persists across page turns | Priority Book section always anchors to top of first page | Section headers persist across pages where the section spans multiple pages,LWC pagination component with configurable page size (custom metadata) | SOQL with OFFSET/LIMIT for server-side pagination | Page state preserved in component properties | Pagination footer dynamically calculated from total record count,CRM (Task/Event),"Contact.Name · Task/Event.ActivityDate (derived: days since last contact; ≤14d=In Cadence · 15–19d=Due Soon · 20d+=Overdue; campaign emails excluded) · Task.Type / Event.Type (Call/Email/In-Person/Event) · Task.Description (contact log notes) · Task.Result__c / Outcome__c (TBD — custom picklist, values TBD with FD)",Partial,P1,3
LCT-007,Last Contact Tracker,,VIP KAM,Send Email Action,As a VIP KAM I want to send an email to a VIP directly from the tracker ⋮ menu so that I can act on outreach prompts immediately without leaving the console.,⋮ menu includes Send Email option | Opens email compose pre-filled with VIP contact and synced template | Email delivery mechanism TBD (Salesforce Email Action or external email client) | Auto-log on send TBD — confirm with FD | Action is a dependency — confirm with customer,Email Action LWC or NavigationMixin deep link to email compose | Synced email template mechanism TBD | Auto-log Task on send TBD | Action set is an open dependency: confirm full ⋮ menu with FanDuel before build,CRM (Task/Event),"Contact.Name · Task/Event.ActivityDate (derived: days since last contact; ≤14d=In Cadence · 15–19d=Due Soon · 20d+=Overdue; campaign emails excluded) · Task.Type / Event.Type (Call/Email/In-Person/Event) · Task.Description (contact log notes) · Task.Result__c / Outcome__c (TBD — custom picklist, values TBD with FD)",Partial,P1,5
LCT-008,Last Contact Tracker,,VIP KAM,Priority Book Section,As a VIP KAM I want my top 10% highest-value VIPs (by GGR for SBK / NGR for CAS) surfaced at the top of the Last Contact Tracker so that I always ensure my most important player relationships are maintained first.,Tracker renders two labelled sections: (1) 'Priority Book — Top 10%' section header with GGR/NGR rank badge · VIP count · cadence metric; (2) 'Full Book' section header for remaining VIPs | Priority Book VIPs determined by Book_GGR_Rank_Pct__c ≤ 10 (SBK) or Book_NGR_Rank_Pct__c ≤ 10 (CAS) on the Contact record | Within each section: default sort most overdue first | NBA No Contact alerts fire only for Priority Book VIPs; Full Book managed exclusively via this tracker | Priority Book section and NBA No Contact share the same rank field — single data dependency,LWC component with two-section layout: Priority Book (top 10% by GGR/NGR) and Full Book | GGR/NGR ranking calculated from Data Cloud or Salesforce aggregate field | Days-since-contact sort within each section | Segment-aware metric selection: SBK=GGR · CAS=NGR | Pagination applies independently per section or across combined view — confirm in refinement,CRM (Task/Event),"Contact.Name · Task/Event.ActivityDate (derived: days since last contact; ≤14d=In Cadence · 15–19d=Due Soon · 20d+=Overdue; campaign emails excluded) · Task.Type / Event.Type (Call/Email/In-Person/Event) · Task.Description (contact log notes) · Task.Result__c / Outcome__c (TBD — custom picklist, values TBD with FD)",Partial,P1,5
EVT-001,Upcoming Events,,VIP KAM,Event List,As a VIP KAM I want to see upcoming FanDuel-hosted events so that I can plan VIP invitations in advance.,Events section shows cards for upcoming events | Each card: event name · date · venue · ticket availability count · ticket urgency indicator | Sorted by date ascending | Empty state when no upcoming events,Event__c custom object query filtered on date >= today | LWC card component with ticket count and urgency badge | Sorted by event date ascending | Empty state component when no records returned,TicketManager (Managed Pkg) + Splash,All fields TBD — source: TicketManager (Managed Package) + Splash integration | Event catalog location TBD (Salesforce Campaign / custom object / external system) | Event_Date__c filter: >= TODAY AND <= TODAY+7 (7-day rolling window),TBD,P1,3
EVT-002,Upcoming Events,,VIP KAM,Ticket Urgency,As a VIP KAM I want to see when ticket availability is limited so that I can prioritize invitations before tickets run out.,Low availability indicator shows when tickets ≤25% remaining | Urgency badge: 'X tickets left' in amber | Card border highlights when critically low,Ticket availability % calculated field on Event__c (remaining / total) | LWC conditional amber badge when availability <= 25% | Card border CSS conditional on same threshold | Ticket count fields: Total_Tickets__c + Allocated_Tickets__c,TicketManager (Managed Pkg) + Splash,All fields TBD — source: TicketManager (Managed Package) + Splash integration | Event catalog location TBD (Salesforce Campaign / custom object / external system) | Event_Date__c filter: >= TODAY AND <= TODAY+7 (7-day rolling window),TBD,P1,2
EVT-003,Upcoming Events,,VIP KAM,Send Invite,As a VIP KAM I want to send an event invitation to a VIP directly from the events section so that I can coordinate hospitality without leaving the console.,⋮ 3-dot menu on each event row contains 'Invite VIP' action | Clicking opens invite flow: VIP selector + optional personal note | Submission updates event card to show invite sent count | Invite status recorded on VIP record | Actions TBD in refinement,EventInvite__c junction object linking Event__c to VIP record | VIP selector LWC with type-ahead search | Invite send triggers email or messaging platform action | Event card invite count field recalculated on new invite,TicketManager (Managed Pkg) + Splash,All fields TBD — source: TicketManager (Managed Package) + Splash integration | Event catalog location TBD (Salesforce Campaign / custom object / external system) | Event_Date__c filter: >= TODAY AND <= TODAY+7 (7-day rolling window),TBD,P1,8
EVT-004,Upcoming Events,,VIP KAM,Manage Event,"As a VIP KAM I want to manage the full guest list for an event so that I can track who has been invited, accepted, or declined.",⋮ 3-dot menu on each event row contains 'Manage Event' action (hosted events) and 'View Event' action (invited/available events) | Manage Event modal shows: invited VIPs list · RSVP status per VIP (Sent / Accepted / Declined / No Response) · remaining ticket count | Add / Remove VIP from guest list within modal | Export guest list option,EventInvite__c records fetched per event with RSVP status | Add VIP creates new EventInvite__c record | Remove VIP deletes or sets status to Removed | Export as CSV via LWC download utility | Remaining ticket count recalculates on add/remove,TicketManager (Managed Pkg) + Splash,All fields TBD — source: TicketManager (Managed Package) + Splash integration | Event catalog location TBD (Salesforce Campaign / custom object / external system) | Event_Date__c filter: >= TODAY AND <= TODAY+7 (7-day rolling window),TBD,P2,5
EVT-005,Upcoming Events,,VIP KAM,Ticket Manager,As a VIP KAM I want to manage ticket assignment per event so that I can distribute tickets equitably across my VIP book.,Ticket Manager modal shows: total tickets · allocated · remaining | Assign tickets to specific VIPs | Unassign and reassign within the modal | Over-allocation blocked with inline error,Ticket__c records linked to Event__c and optionally to VIP | Allocation logic enforces total ticket cap | Inline error when allocation count exceeds available | Unassign sets VIP link to null on Ticket__c | All ticket operations via Apex to enforce atomicity,TicketManager (Managed Pkg) + Splash,All fields TBD — source: TicketManager (Managed Package) + Splash integration | Event catalog location TBD (Salesforce Campaign / custom object / external system) | Event_Date__c filter: >= TODAY AND <= TODAY+7 (7-day rolling window),TBD,P2,5
EVT-006,Upcoming Events,,KAM Manager,Event Pipeline View,As a KAM Manager I want to see all upcoming events and their invitation status across the team so that I can ensure high-priority VIPs are being engaged.,Manager view shows all events with: total invites sent · acceptances · tickets remaining | Filter by event or KAM | Flag events with low invite rate,Aggregate EventInvite__c query grouped by event + KAM | Low invite rate flag: configurable threshold via custom metadata | LWC manager event list with filter by event or KAM | Flag renders amber badge on event row when invite rate < threshold,TicketManager (Managed Pkg) + Splash,All fields TBD — source: TicketManager (Managed Package) + Splash integration | Event catalog location TBD (Salesforce Campaign / custom object / external system) | Event_Date__c filter: >= TODAY AND <= TODAY+7 (7-day rolling window),TBD,P2,3
EVT-007,Upcoming Events,,VIP KAM,Event Row 3-Dot Menu,As a VIP KAM I want a contextual action menu on each event row so that I can take the right action per event type without cluttering the card with multiple buttons.,Each event row shows ⋮ 3-dot menu button | Hosted events: Manage Event · View RSVPs · Send Reminder | Available/invited events: Invite VIP · View Event · Remove | Menu closes on outside click | One menu open at a time | Actions confirmed in refinement — current labels are prototyping placeholders,LWC 3-dot overflow menu component on each event row | Action list conditionally rendered based on event type (hosted vs available/invited) | Menu open/close state managed in LWC | One menu open at a time via event bubbling | Action labels to be finalized in build refinement,TicketManager (Managed Pkg) + Splash,All fields TBD — source: TicketManager (Managed Package) + Splash integration | Event catalog location TBD (Salesforce Campaign / custom object / external system) | Event_Date__c filter: >= TODAY AND <= TODAY+7 (7-day rolling window),TBD,P1,3
CAM-001,Campaign Manager,,VIP KAM,Campaign List,As a VIP KAM I want to see all active and draft campaigns assigned to my book so that I can track what promotions are in flight.,Campaign section shows list of campaigns | Each row: name · type · status (Draft/Active/Completed) · target VIP count · send date · offer amount | Sorted by send date ascending,Campaign__c object query filtered by assigned KAM | Status picklist: Draft / Active / Completed | LWC data table sorted by send date ascending | Target VIP count from Campaign_Member__c rollup | Offer amount field on Campaign__c,CRM (Campaign object),Campaign.Name · Campaign.Status (OOTB picklist — custom values: Draft/Active/Completed; Active ≈ In Progress) · Campaign.Type (custom picklist: Bonus Bet/Reload/Event/Loyalty — needs config) · Campaign.NumberOfContacts (OOTB roll-up from CampaignMember) · Campaign.StartDate · Campaign.Offer_Amount__c (custom field — new) · Campaign.Approval_Status__c (custom picklist — new; requires Approval Process via Flow),Partial (2 custom fields needed),P1,3
CAM-002,Campaign Manager,,VIP KAM,Campaign Row Actions,As a VIP KAM I want to take contextual actions on each campaign row so that I can manage campaigns without leaving the console.,⋮ 3-dot menu on each campaign row | Live/Scheduled campaigns: View Campaign · Add VIP · Duplicate | Draft campaigns: Edit Campaign · Preview · Delete Draft | Specific actions TBD in refinement | All actions accessible without navigating away,Activation Salesforce Flow: validate target list → confirm offer → update status → trigger campaign send | Campaign status update from Draft to Active via Flow | Send schedule timestamp set at activation | Toast confirmation from flow response,CRM (Campaign object),Campaign.Name · Campaign.Status (OOTB picklist — custom values: Draft/Active/Completed; Active ≈ In Progress) · Campaign.Type (custom picklist: Bonus Bet/Reload/Event/Loyalty — needs config) · Campaign.NumberOfContacts (OOTB roll-up from CampaignMember) · Campaign.StartDate · Campaign.Offer_Amount__c (custom field — new) · Campaign.Approval_Status__c (custom picklist — new; requires Approval Process via Flow),Partial (2 custom fields needed),P1,5
CAM-003,Campaign Manager,,VIP KAM,Create Campaign,As a VIP KAM I want to create a new campaign from a template so that I can run targeted promotions without needing marketing to build them.,New Campaign button opens modal | Fields: name · type (picklist) · offer amount · target VIPs (selector) · send date | Template options available for common campaign types | Submission creates Draft campaign pending approval,Campaign__c record creation via Apex from LWC modal | Campaign type picklist + offer template library on Campaign_Template__c | VIP multi-select from logged-in KAM's book | Submitted campaigns assigned status = Draft + Pending Approval flag,CRM (Campaign object),Campaign.Name · Campaign.Status (OOTB picklist — custom values: Draft/Active/Completed; Active ≈ In Progress) · Campaign.Type (custom picklist: Bonus Bet/Reload/Event/Loyalty — needs config) · Campaign.NumberOfContacts (OOTB roll-up from CampaignMember) · Campaign.StartDate · Campaign.Offer_Amount__c (custom field — new) · Campaign.Approval_Status__c (custom picklist — new; requires Approval Process via Flow),Partial (2 custom fields needed),P2,8
CAM-004,Campaign Manager,,KAM Manager,Campaign Approval,As a KAM Manager I want to review and approve campaigns before they go live so that all promotions meet commercial and compliance standards.,Campaigns requiring approval appear in manager queue with Awaiting Sign-Off status | Manager can: Approve / Reject / Request Changes | Approved campaigns move to Active on send date | Rejected campaigns notify the KAM with reason,Approval queue LWC filtered on status = Awaiting Sign-Off | Approval/Rejection via Salesforce Approval Process or custom Flow | Rejection requires reason field | Notification to KAM via Salesforce notification or email on any outcome,CRM (Campaign object),Campaign.Name · Campaign.Status (OOTB picklist — custom values: Draft/Active/Completed; Active ≈ In Progress) · Campaign.Type (custom picklist: Bonus Bet/Reload/Event/Loyalty — needs config) · Campaign.NumberOfContacts (OOTB roll-up from CampaignMember) · Campaign.StartDate · Campaign.Offer_Amount__c (custom field — new) · Campaign.Approval_Status__c (custom picklist — new; requires Approval Process via Flow),Partial (2 custom fields needed),P1,5
CAM-005,Campaign Manager,,VIP KAM,Campaign Detail,As a VIP KAM I want to see the details of an active campaign including which VIPs are targeted so that I can follow up personally with high-priority players.,Campaign Detail modal shows: full VIP target list · offer details · approval history · scheduled send time | Export target list option | Links to individual VIP records,Campaign_Member__c query for target VIP list | Approval history from Approval Process records | LWC modal with related list for target VIPs | Export VIP list as CSV via LWC | Navigation links to VIP contact records,CRM (Campaign object),Campaign.Name · Campaign.Status (OOTB picklist — custom values: Draft/Active/Completed; Active ≈ In Progress) · Campaign.Type (custom picklist: Bonus Bet/Reload/Event/Loyalty — needs config) · Campaign.NumberOfContacts (OOTB roll-up from CampaignMember) · Campaign.StartDate · Campaign.Offer_Amount__c (custom field — new) · Campaign.Approval_Status__c (custom picklist — new; requires Approval Process via Flow),Partial (2 custom fields needed),P2,3
CAM-006,Campaign Manager,,KAM Director,Campaign Performance,As a KAM Director I want to see post-campaign performance metrics so that I can assess ROI and improve future campaigns.,Completed campaigns show: redemption rate · GGR lift vs. baseline · total offers issued · total cost | Comparison to similar past campaigns | Exportable performance report,Post-campaign performance data sourced from BI/data warehouse (integration TBC) | Performance metrics stored on Campaign__c or related analytics object | Comparison logic: similar campaigns by type + offer range | Exportable Salesforce Report or LWC CSV download,CRM + DataPoints,Campaign.Name · Campaign.Status (OOTB picklist — custom values: Draft/Active/Completed; Active ≈ In Progress) · Campaign.Type (custom picklist: Bonus Bet/Reload/Event/Loyalty — needs config) · Campaign.NumberOfContacts (OOTB roll-up from CampaignMember) · Campaign.StartDate · Campaign.Offer_Amount__c (custom field — new) · Campaign.Approval_Status__c (custom picklist — new; requires Approval Process via Flow) · TBD (Performance: open rate/redemption rate/GGR lift — post-send analytics from DataPoints),Partial (2 custom fields needed),P2,5
CAM-007,Campaign Manager,,VIP KAM,Campaign Row 3-Dot Menu,As a VIP KAM I want a contextual action menu on each campaign row so that I can manage campaigns without inline buttons crowding the row.,Each campaign row shows ⋮ 3-dot menu button | Live/Scheduled campaigns: View Campaign · Add VIP · Duplicate | Draft campaigns: Edit Campaign · Preview · Delete Draft (destructive — red text) | Menu closes on outside click | Actions confirmed in refinement — current labels are prototyping placeholders,LWC 3-dot overflow menu component on each campaign row | Action list conditionally rendered based on campaign status (Live/Scheduled vs Draft) | Delete Draft action requires confirmation modal | Menu open/close state managed in LWC | Action labels to be finalized in build refinement,CRM (Campaign object),Campaign.Name · Campaign.Status (OOTB picklist — custom values: Draft/Active/Completed; Active ≈ In Progress) · Campaign.Type (custom picklist: Bonus Bet/Reload/Event/Loyalty — needs config) · Campaign.NumberOfContacts (OOTB roll-up from CampaignMember) · Campaign.StartDate · Campaign.Offer_Amount__c (custom field — new) · Campaign.Approval_Status__c (custom picklist — new; requires Approval Process via Flow),Partial (2 custom fields needed),P1,3
BDY-001,Birthdays This Week,,VIP KAM,Birthday List,As a VIP KAM I want to see VIPs with birthdays in the next 30 days so that I can plan personalized outreach in advance and not miss anyone.,Birthday list shows VIPs with birthdays in a rolling 30-day window | Content organized into weekly buckets (e.g. Sep 9–15 / Sep 16–22 / Sep 23–29 / Sep 30–Oct 8) | Week navigator: ‹ Prev / Next › allows KAM to step through weeks | Current week shown by default | Each row: name · segment · tier · birthday date (e.g. Today / Tomorrow / Sep 25) · offer status | Empty state when no birthdays in selected week,Birthday field on VIP record | SOQL or client-side filter: birthdays in rolling 30-day window | Grouped into weekly buckets by birthday date | LWC week navigator component | Offer status field on VIP record updated by Send Celebration action,CRM,Contact.Name · Contact.Birthdate · Next_Birthday__c (formula field — required for 30-day lookahead; cannot filter directly on raw Birthdate year) · Custom Bonus Object.Birthday_Offer_Sent__c (Boolean) · Custom Bonus Object.Birthday_Offer_Amount__c (Currency) · Custom Bonus Object.Birthday_Offer_Type__c (Picklist: Profit Boost/Bonus Credit/Gift),Partial,P1,2
BDY-002,Birthdays This Week,,VIP KAM,Send Birthday Offer,As a VIP KAM I want to send a birthday offer to a VIP directly from the birthday list so that I can celebrate them quickly and personally.,⋮ 3-dot menu on each birthday row contains 'Send Celebration' action | Clicking opens offer flow: offer type selector (Profit Boost / Bonus Credit / Gift) + offer amount + optional personal note | Submission marks row as 'Gift sent ✓' and logs activity on VIP record | Additional menu actions: View Profile · Log Note,Offer type picklist: Profit Boost / Bonus Credit / Gift | Offer submission triggers bonus workflow + Activity record creation | Celebration Sent boolean + timestamp fields on VIP record | LWC button disabled after send | Optional personal note stored on Activity record,CRM,Contact.Name · Contact.Birthdate · Next_Birthday__c (formula field — required for 30-day lookahead; cannot filter directly on raw Birthdate year) · Custom Bonus Object.Birthday_Offer_Sent__c (Boolean) · Custom Bonus Object.Birthday_Offer_Amount__c (Currency) · Custom Bonus Object.Birthday_Offer_Type__c (Picklist: Profit Boost/Bonus Credit/Gift),Partial,P1,5
BDY-003,Birthdays This Week,,VIP KAM,Sent State,As a VIP KAM I want to see which birthday offers have already been sent so that I don't accidentally double-send.,Sent rows display 'Gift sent ✓' in green text | 'Send Celebration' removed from ⋮ menu after send to prevent double-send | View Profile and Log Note remain available | Sent state persists within session,Celebration Sent boolean on VIP record drives badge + button disabled state | Sent date and offer type fields populated on send | LWC conditional rendering: badge shown + button hidden when Celebration Sent = true,CRM,Contact.Name · Contact.Birthdate · Next_Birthday__c (formula field — required for 30-day lookahead; cannot filter directly on raw Birthdate year) · Custom Bonus Object.Birthday_Offer_Sent__c (Boolean) · Custom Bonus Object.Birthday_Offer_Amount__c (Currency) · Custom Bonus Object.Birthday_Offer_Type__c (Picklist: Profit Boost/Bonus Credit/Gift),Partial,P1,2
BDY-004,Birthdays This Week,,VIP KAM,30-Day Week Navigator,As a VIP KAM I want to navigate forward and backward through upcoming birthday weeks so that I can plan outreach for VIPs whose birthdays are later in the month.,‹ Prev and Next › controls allow stepping one week at a time | Date range label updates (e.g. Sep 16 – Sep 22) | Prev disabled when at current week | Navigator spans a rolling 30-day window | VIP list refreshes instantly on navigation with no page reload,LWC week navigator with currentWeekOffset state variable | Date range label computed from offset | Prev button disabled when offset = 0 | VIP list re-filters client-side on offset change (no server call per navigation) | 30-day window enforced: Next disabled when offset would exceed 4 weeks,CRM,Contact.Name · Contact.Birthdate · Next_Birthday__c (formula field — required for 30-day lookahead; cannot filter directly on raw Birthdate year) · Custom Bonus Object.Birthday_Offer_Sent__c (Boolean) · Custom Bonus Object.Birthday_Offer_Amount__c (Currency) · Custom Bonus Object.Birthday_Offer_Type__c (Picklist: Profit Boost/Bonus Credit/Gift),Partial,P1,2
BDY-005,Birthdays This Week,,VIP KAM,Birthday Row 3-Dot Menu,As a VIP KAM I want a contextual action menu on each birthday row so that I can send celebrations or access additional actions without a dedicated button per row.,Each birthday row shows ⋮ 3-dot menu button | Before send: Send Celebration · View Profile · Log Note | After send: View Profile · Log Note (Send Celebration removed) | Menu closes on outside click | Actions confirmed in refinement — current labels are prototyping placeholders,LWC 3-dot overflow menu on each birthday row | Action list changes after celebration sent (remove Send Celebration from menu) | Sent state persisted on VIP activity record | Menu open/close state managed in LWC | Action labels to be finalized in build refinement,CRM,Contact.Name · Contact.Birthdate · Next_Birthday__c (formula field — required for 30-day lookahead; cannot filter directly on raw Birthdate year) · Custom Bonus Object.Birthday_Offer_Sent__c (Boolean) · Custom Bonus Object.Birthday_Offer_Amount__c (Currency) · Custom Bonus Object.Birthday_Offer_Type__c (Picklist: Profit Boost/Bonus Credit/Gift),Partial,P1,2
FBK-001,VIP Feedback Pulse,Feedback List,VIP KAM,Feedback List View,As a VIP KAM I want to see feedback for my VIP book in the console so that I can monitor player sentiment without leaving the console.,"Existing component lifted into console with Cosmos design reskin | Defaults to current week | Each row shows: Severity Level flag (Negative=red · Neutral=yellow/orange · Positive=green) · Feedback Category · Product · free text excerpt · VIP name · Created Date | Sort: Negative first then Neutral then Positive then by date descending within each group | ""View All"" link at bottom",Lift existing fd_vipCustomerFeedback LWC into console | Cosmos design token reskin (replace SLDS defaults with Cosmos equivalents) | SOQL on Insights__c filtered to current KAM book default date range = current week | Client-side sort: Severity Level Negative > Neutral > Positive then CreatedDate desc | Severity Level flag: SLDS icon with conditional CSS — Negative=utility:error (red) · Neutral=utility:warning (yellow/orange) · Positive=utility:success (green) | View All footer link navigates to full feedback list,Insights object (AWS-sourced),Insights__c · Severity_Level__c (Negative/Neutral/Positive — confirm values with SA; current fullcopy shows High/Medium/Low on Severity_Level__c and Negative/Positive/Neutral on Feedback_Type__c) · Feedback_Category__c · Product__c · Feedback__c (free text) · Contact (VIP) · CreatedDate,Dependency (Insights in ACI3 build org ~Oct 15; field name confirmation due Oct 9 from Thomas/Clay),P1,3
FBK-002,VIP Feedback Pulse,Feedback List,VIP KAM,Search,As a VIP KAM I want to search the feedback list by VIP name so that I can quickly find feedback for a specific player.,Search box filters list in real time by VIP name | Clear control resets to full list | Empty state shown when no results,LWC search input with onkeyup handler | Client-side filter on pre-fetched record set by Contact Name | Clear (X) button resets filter | Empty state with SLDS illustration when no records match,Insights object (AWS-sourced),Insights__c · Contact.Name (VIP name via lookup),Dependency (Insights in ACI3 build org ~Oct 15),P1,1
FBK-003,VIP Feedback Pulse,All list views with VIP Name rows,VIP KAM,Log Feedback Action,As a VIP KAM I want to log feedback about a VIP from any list view in the console so that I can capture it in context without navigating elsewhere.,Log Feedback added to overflow menu on all list view components with a VIP Name row (VIP Playbook · NBA Queue · Player Awareness · Last Contact Tracker · Events · Tasks & WPC · Onboarding & Offboarding · Campaign Manager) | Launches existing Insight Collection Screen Flow with Cosmos reskin | VIP pre-populated from the row | All form fields preserved: Who is submitting · Feedback Category · Product · Feedback Type · Severity Level · Requested Response/Action Required checkbox · Is Screenshot Available checkbox · Feedback text area | On submit: creates Insights object record and shows confirmation screen | New record appears at top of Feedback list on close,Add Log Feedback action item to overflow menu LWC in each list view component | Launch existing Insight Collection Screen Flow via NavigationMixin or Flow modal with recordId pre-populated from row | Cosmos design token reskin on Screen Flow screens | On flow completion event: refresh Feedback list component via pubsub or LWC message channel,Insights object (AWS-sourced),Insights__c · Contact (pre-populated from row) · Feedback_Category__c · Product__c · Feedback_Type__c · Severity_Level__c · Requested_Response__c · Is_Screenshot_Available__c · Feedback__c,Dependency (Insights in ACI3 build org ~Oct 15; existing Screen Flow available in fullcopy today),P1,3
FBK-004,VIP Feedback Pulse,Contact Record,VIP KAM,Feedback History on Contact Record,As a VIP KAM I want to see a VIP's full feedback history on their Contact record so that I have context when reviewing their profile.,Feedback records display as a related list on the VIP Contact record | Each item shows: Severity Level flag (Negative=red · Neutral=yellow/orange · Positive=green) · Feedback Category · Feedback Type · Severity Level · Product · Feedback text · Created Date | Sorted most recent first,Related list on Contact page layout showing Insights__c records filtered by Contact lookup | Same Severity Level flag rendering (Negative=red · Neutral=yellow/orange · Positive=green) | Sorted by CreatedDate descending | Standard SLDS related list or custom LWC depending on layout constraints,Insights object (AWS-sourced),Insights__c · Contact lookup · Severity_Level__c · Feedback_Category__c · Feedback_Type__c · Product__c · Feedback__c · CreatedDate,Dependency (Insights in ACI3 build org ~Oct 15),P2,2
BBC-001,Bonus Bet Credit,,VIP KAM,Upload CSV,As a VIP KAM I want to upload a CSV of Bonus Bet Credits so that I can process bulk credit assignments from the console without a manual workaround.,Upload zone accepts .csv files via drag-and-drop or file picker | CSV must contain: VIP ID · credit amount · expiry date | Validation runs on upload: invalid rows flagged with inline errors | Valid rows show preview before confirm | Confirm triggers credit processing workflow | Toast confirmation on success with count of records processed,LWC file upload component (lightning-file-upload or custom drag-drop) | CSV parsing in LWC or Apex: validate columns + data types | Invalid row highlighting in preview table | Bulk credit processing via Apex batch or Flow | Toast with processed count from Apex response,CRM,Existing component — custom credit object (API name TBD); upload via CSV processing workflow,Yes (existing component — lift & shift),P2,8
BBC-002,Bonus Bet Credit,,VIP KAM,Credit History,As a VIP KAM I want to see a history of Bonus Bet Credits issued to my VIPs so that I can track what has been sent and when.,Credit history list shows: VIP name · credit amount · issue date · expiry date · status (Active / Redeemed / Expired) | Filterable by status | Sortable by date | Export option for reporting,BonusCredit__c object query filtered by issuing KAM | Status picklist: Active / Redeemed / Expired | LWC data table with sort on issue date | Client-side filter by status | Export as CSV via LWC download utility,CRM,Existing component — custom credit object (API name TBD); upload via CSV processing workflow,Yes (existing component — lift & shift),P2,5
BBC-003,Bonus Bet Credit,,KAM Manager,Credit Approval,As a KAM Manager I want to approve Bonus Bet Credit uploads before they are processed so that all credits meet commercial sign-off requirements.,Uploads pending approval appear in manager queue with 'Awaiting Approval' status | Manager can: Approve / Reject / Request Changes | Approved uploads trigger processing | Rejected uploads notify KAM with reason | Approval logged with timestamp,Approval queue LWC filtered on upload status = Awaiting Approval | Approval/Rejection via Salesforce Approval Process or custom Apex | Rejection requires reason text field | Notification to KAM on outcome via Salesforce notification | Approval timestamp and approver stored on upload record,CRM,Existing component — custom credit object (API name TBD); upload via CSV processing workflow,Yes (existing component — lift & shift),P2,5
OOO-001,VIP OOO & Events,,VIP KAM,VIP OOO List,As a VIP KAM I want to see all active and upcoming Out of Office periods for VIPs in my book so that I know when players are unavailable before reaching out.,"OOTB Salesforce Event list view embedded in console | Columns: Subject (OOO event name, clickable link) · All-day (checkbox) · Start Date & Time · End Date & Time · Name (VIP contact link) · Related To | Filtered by: KAM's assigned VIPs (Assigned To) AND End Date >= Today | Sorted by Subject ASC | Search and list-view filter controls via OOTB SLDS list view header | New Event button triggers standard Salesforce New Event quick action","OOTB Salesforce List View on Event object — no custom LWC required | Embedded in console page via standard list view component | New Event: standard Salesforce quick action, pre-fills WhoId with VIP Contact | Row ⋮ actions via standard list view (Edit/Delete/standard SFDC actions)",CRM (Standard Event object),Event.Subject · Event.IsAllDayEvent · Event.StartDateTime · Event.EndDateTime · Event.WhoId (Contact — VIP name link) · Event.WhatId (Related To),Yes,P1,2
OOO-002,VIP OOO & Events,,VIP KAM,Create OOO Event,As a VIP KAM I want to log a new OOO period for a VIP directly from the console so that the team knows that player is unavailable.,"New Event button in OOO list header | Opens standard Salesforce New Event quick action modal | Event fields: Subject, IsAllDayEvent, StartDateTime, EndDateTime, WhoId (VIP Contact), WhatId (Related To) | Saved event appears immediately in OOO list",Standard Salesforce New Event quick action — no custom build required | Pre-fills WhoId via LWC page context if VIP is in scope,CRM (Standard Event object),Event.Subject · Event.IsAllDayEvent · Event.StartDateTime · Event.EndDateTime · Event.WhoId (Contact — VIP name link) · Event.WhatId (Related To),Yes,P1,3
OOO-004,VIP OOO & Events,,VIP KAM,Event Actions,As a VIP KAM I want to take quick actions on events in the OOO and Events lists so that I can manage records without leaving the console.,⋮ per row via OOTB Salesforce list view row actions | Standard actions available: Edit · Delete · standard SFDC row actions | No custom action menu required — OOTB list view handles this,OOTB Salesforce list view row actions — no custom LWC required,CRM (Standard Event object),Event.Subject · Event.IsAllDayEvent · Event.StartDateTime · Event.EndDateTime · Event.WhoId (Contact — VIP name link) · Event.WhatId (Related To),Yes,P1,2
AG-001,Agentforce Companion,,All KAM Roles,Single Agent Interface,As a VIP KAM I want a single conversational interface in the console so that I can access all AI-powered insights and sub-agents without switching tools or tabs.,Agentforce Companion chat panel visible in 3rd column of console | Accessible to all account holders: VIP KAMs · KAM Managers · KAM Directors | Input field always visible | Companion response appears inline in chat thread | Session history persists within the tab | Empty state prompt encourages first message,Agentforce Companion LWC embedded in console 3rd column | Agentforce Agent configured for KAM Console context | Session-scoped chat history in component state | Empty state with suggested prompts | Role-based access: available to all KAM profiles,Agentforce / CRM / DataPoints (multiple),"Agentforce Topics, Actions, API integrations — all require Agentforce platform configuration",TBD (Agentforce config required),P1,3
AG-002,Agentforce Companion,,All KAM Roles,Intent-Based Routing,As a VIP KAM I want the companion to automatically detect what I'm asking and route to the right sub-agent so that I don't have to know which agent handles which topic.,Companion detects intent from natural language input | Routes to correct sub-agent: VIP Events Agent · VIP HPV Report Agent · BetExplain Agent · Promo Coach Agent | If intent is ambiguous companion asks a single clarifying question | Routing decision is transparent (companion indicates which agent it is invoking) | Fallback to general KAM knowledge base if no sub-agent matches,Agentforce Companion topic classification / intent detection config | Sub-agent routing rules defined in Agentforce topic layer | Fallback topic mapped to general KAM knowledge base | UI shows which agent is being invoked (transparent routing label),Agentforce / CRM / DataPoints (multiple),"Agentforce Topics, Actions, API integrations — all require Agentforce platform configuration",TBD (Agentforce config required),P1,8
AG-003,Agentforce Companion,,All KAM Roles,VIP Book Awareness,As a VIP KAM I want the companion to know my full book of VIPs so that I can ask questions about my players without specifying IDs or navigating to individual records.,Companion has access to the logged-in KAM's full VIP book in the org | Can answer book-level queries: 'How is my book performing this week?' · 'Which of my VIPs hasn't been contacted in 30 days?' | VIP names resolve to Salesforce records | Companion respects record-level permissions (cannot surface VIPs outside KAM's book),Agentforce data action: query VIP records scoped to logged-in KAM | Permission set restricts record access to KAM's book | VIP name-to-record resolution via SOQL in Apex action | Book-level aggregates via Apex actions called by Agentforce,Agentforce / CRM / DataPoints (multiple),"Agentforce Topics, Actions, API integrations — all require Agentforce platform configuration",TBD (Agentforce config required),P1,8
AG-004,Agentforce Companion,,KAM Manager,Team & Hierarchy Awareness,As a KAM Manager I want the companion to understand my team structure so that I can ask cross-KAM questions and get aggregated answers across my team's book.,Companion understands KAM → Manager → Director hierarchy from Salesforce org structure | Manager can query: 'Which of my KAMs has the most overdue contacts?' · 'Show me the team's WPC completion rate' | Director can query across multiple teams | Responses scoped to the requester's hierarchy level | Individual KAM queries return that KAM's data only,Salesforce Role Hierarchy used to scope Agentforce queries | Apex actions respect role hierarchy for data access | Manager persona: queries scoped to direct reports | Director persona: queries scoped to division | Role detected from Salesforce profile at session start,Agentforce / CRM / DataPoints (multiple),"Agentforce Topics, Actions, API integrations — all require Agentforce platform configuration",TBD (Agentforce config required),P1,8
AG-005,Agentforce Companion,,All KAM Roles,VIP Events Agent Handoff,As a VIP KAM I want to ask about upcoming events for my VIPs and get answers powered by the VIP Events Agent so that I can plan hospitality outreach from the chat interface.,Companion routes event-related queries to the VIP Events Agent | Example queries: 'What events are coming up I should invite Ethan Parker to?' · 'Who hasn't been invited to the Citi Field event?' | Response includes: event name · date · ticket availability · suggested VIPs to invite | Invite action available from response (P2),Agentforce topic: VIP Events routed to VIP Events Agent | Events Agent Apex actions: upcoming events query + invite status query | Response formatted as structured summary in companion chat | Invite action CTA wired to EVT-003 invite flow (P2),Agentforce / CRM / DataPoints (multiple),"Agentforce Topics, Actions, API integrations — all require Agentforce platform configuration",TBD (Agentforce config required),P1,5
AG-006,Agentforce Companion,,All KAM Roles,VIP HPV Report Agent Handoff,As a VIP KAM I want to ask for a VIP's high-player-value metrics and get a report from the HPV Report Agent so that I can review performance before a call without pulling a separate report.,Companion routes HPV metric queries to the VIP HPV Report Agent | Example queries: 'Show me Sophia's HPV metrics for the last 90 days' · 'Which of my Shield Select players are trending down?' | Response includes key HPV metrics in a structured summary | Time range parameterized from query (30d / 60d / 90d default) | Full report link provided for drill-down,Agentforce topic: HPV metrics routed to HPV Report Agent | HPV Report Agent Apex action: query VIP metrics for parameterized time range | Time range extraction from natural language input | Structured response rendered in companion chat | Link to full Salesforce Report or HPV record page,Agentforce / CRM / DataPoints (multiple),"Agentforce Topics, Actions, API integrations — all require Agentforce platform configuration",TBD (Agentforce config required),P1,5
AG-007,Agentforce Companion,,All KAM Roles,BetExplain Agent Handoff,As a VIP KAM I want to ask the companion to explain a VIP's recent bets so that I can quickly understand their betting behavior and patterns before reaching out.,Companion routes bet-explanation queries to the BetExplain Agent | Example queries: 'Walk me through Luca's last 5 bets' · 'Why is Noah down so much this week?' | BetExplain Agent returns: bet type · stake · outcome · running P&L · notable patterns | Language is plain English — no raw odds or technical format | KAM can use this to inform a personalized outreach message,Agentforce topic: bet explanation routed to BetExplain Agent | BetExplain Agent reads wager history (source TBC per RTA-008) | Response generated in plain English via Agentforce LLM | P&L running total calculated in Apex action | Notable patterns (streak / unusual stake) flagged in response,Agentforce / CRM / DataPoints (multiple),"Agentforce Topics, Actions, API integrations — all require Agentforce platform configuration",TBD (Agentforce config required),P1,5
AG-008,Agentforce Companion,,All KAM Roles,Promo Coach Agent Handoff,As a VIP KAM I want to ask for a promotional recommendation for a specific VIP and get a response from the Promo Coach Agent so that I can offer the right incentive at the right time.,Companion routes promo-related queries to the appropriate Promo Coach Agent | Two Promo Coach Agent instances exist — routing logic to be confirmed in build (e.g. by segment or product line) | Example queries: 'What promo should I offer Isla Hayes?' · 'Is there a bonus I can give Ethan to retain him?' | Response includes: recommended offer type · amount · rationale · expiry recommendation | KAM can trigger offer from response (P2),Agentforce topic: promo recommendation routed to Promo Coach Agent | Two Promo Coach Agent instances — routing rule TBC (segment or product-based) | Promo Coach Agent reads VIP profile + betting history to generate recommendation | Offer trigger CTA wired to bonus workflow (P2),Agentforce / CRM / DataPoints (multiple),"Agentforce Topics, Actions, API integrations — all require Agentforce platform configuration",TBD (Agentforce config required),P1,5
AG-009,Agentforce Companion,,All KAM Roles,Multi-Agent Combined Response,As a VIP KAM I want to ask a single call-prep question and get a combined response drawing on multiple sub-agents so that I can prepare for a VIP call in seconds.,Companion recognizes call-prep intent and invokes multiple sub-agents in parallel | Example: 'Prepare me for a call with Noah Coleman' triggers: HPV Report + BetExplain + VIP Events + Promo Coach | Combined response structured as: Performance Summary · Recent Bet Activity · Upcoming Events · Recommended Promo | Response delivered as a single readable brief | Total response time target: <5 seconds,Agentforce orchestration layer: parallel sub-agent invocation on call-prep intent | Response aggregator combines sub-agent outputs into structured format | 5s timeout: partial results rendered with streaming indicator | Sub-agent failure handling: graceful degradation with per-agent error note | LWC streaming response rendering,Agentforce / CRM / DataPoints (multiple),"Agentforce Topics, Actions, API integrations — all require Agentforce platform configuration",TBD (Agentforce config required),P2,13
AG-010,Agentforce Companion,,All KAM Roles,Quick Prompt Prebuilds,As a VIP KAM I want pre-built prompt buttons in the companion so that I can trigger common queries with one click instead of typing from scratch.,Row of quick-prompt buttons visible above the chat input field | Button labels TBD in build refinement — examples: 'Prep for a call' · 'Who needs contact today?' · 'Top promo opportunity' · 'Upcoming events' | Clicking a button populates the input and submits automatically | Buttons are contextual where possible (e.g. if a VIP record is open the prompt pre-fills their name) | Button set configurable per role in future iterations,Quick prompt buttons in LWC above input field | Button labels and prompt templates stored in custom metadata | Context injection: if VIP record open in console inject VIP name into prompt | Button click sets input value + auto-submits to Agentforce Companion,Agentforce / CRM / DataPoints (multiple),"Agentforce Topics, Actions, API integrations — all require Agentforce platform configuration",TBD (Agentforce config required),P1,3
AG-011,Agentforce Companion,,All KAM Roles,Multi-Turn Context,As a VIP KAM I want the companion to remember what we've discussed in the current session so that I can ask follow-up questions naturally without repeating context.,Companion retains conversation context within the session | Follow-up queries work without re-specifying the VIP: 'Tell me more about that bet' · 'What promo did you recommend for them?' | Context resets on new tab or session | Companion indicates context scope if needed ('Still referring to Luca Romano — is that right?'),Agentforce session management: conversation history maintained in session context | Context window managed by Agentforce platform | Context scope indicator in companion header if needed | Context cleared on tab close / new session init,Agentforce / CRM / DataPoints (multiple),"Agentforce Topics, Actions, API integrations — all require Agentforce platform configuration",TBD (Agentforce config required),P1,5
AG-012,Agentforce Companion,,All KAM Roles,Proactive Surfacing on Load,As a VIP KAM I want the companion to proactively surface urgent items when I open the console so that I don't miss critical actions at the start of my day.,On console load companion generates a brief proactive summary | Includes: overdue contacts · unactioned NBA items · VIPs with birthdays today · flagged RTA alerts | Summary is concise (3–5 bullets max) | KAM can dismiss or ask the companion to drill into any item | Proactive message clearly labeled as AI-generated,Console load event triggers Agentforce Companion proactive prompt | Proactive Apex action: queries overdue contacts + NBA queue + today birthdays + RTA alerts | Response capped at 5 bullets by prompt instruction | Dismiss button clears proactive message from chat | AI-generated label rendered in companion header,Agentforce / CRM / DataPoints (multiple),"Agentforce Topics, Actions, API integrations — all require Agentforce platform configuration",TBD (Agentforce config required),P2,5
AG-013,Agentforce Companion,,All KAM Roles,Log Contact from Chat,As a VIP KAM I want to tell the companion that I made contact with a VIP and have it log the contact on the Salesforce record so that I don't have to navigate to the record to update it.,KAM can state: 'Log that I called Ethan Parker today' | Companion extracts: VIP name · contact type · date | Companion confirms details before submitting: 'Logging a Call for Ethan Parker today — confirm?' | On confirmation companion creates Activity record on VIP's Salesforce contact | Toast confirmation returned in chat | Post-MVP enhancement — not in initial release,Agentforce entity extraction: VIP name + contact type + date from natural language | Confirmation step: companion presents extracted values for KAM approval | Apex action: create Activity record on confirmed VIP contact | Toast/inline confirmation message in companion chat after creation,Agentforce / CRM / DataPoints (multiple),"Agentforce Topics, Actions, API integrations — all require Agentforce platform configuration",TBD (Agentforce config required),P2,8
AG-014,Agentforce Companion,,All KAM Roles,Send Email Follow-Up from Chat,As a VIP KAM I want to ask the companion to send a follow-up email to a VIP so that I can execute outreach directly from the chat without switching to email.,KAM can request: 'Send a follow-up email to Sophia Novak about the upcoming event' | Companion drafts email using VIP context + relevant sub-agent data | Draft shown to KAM for review before send | KAM can edit draft inline | On confirm companion sends via Salesforce email action and logs activity | Post-MVP enhancement — requires Outlook/email integration,Agentforce email draft action: LLM generates email from VIP context + event data | Draft rendered in companion chat for review | KAM confirm triggers Salesforce SendEmail Apex action | Activity record logged on send | Outlook/email integration required (integration TBC),Agentforce / CRM / DataPoints (multiple),"Agentforce Topics, Actions, API integrations — all require Agentforce platform configuration",TBD (Agentforce config required),P2,8
AG-015,Agentforce Companion,,All KAM Roles,Update Contact Record from Chat,As a VIP KAM I want to update a VIP's contact record fields from the companion so that routine CRM hygiene happens in the flow of conversation.,KAM can instruct: 'Mark Jordan Williams as contacted' · 'Update Isla's preferred contact channel to SMS' | Companion maps instruction to correct Salesforce field and record | Confirms action before writing: 'Updating Isla Hayes preferred contact channel to SMS — confirm?' | On confirm companion writes to Salesforce record and returns confirmation | Post-MVP enhancement — not in initial release,Agentforce entity + field extraction: VIP name + field name + value from natural language | Confirmation step before any write operation | Apex action: update specified field on VIP contact record | Inline confirmation message in companion chat | Field update validation: only allowed fields writable from companion,Agentforce / CRM / DataPoints (multiple),"Agentforce Topics, Actions, API integrations — all require Agentforce platform configuration",TBD (Agentforce config required),P2,8
AG-016,Agentforce Companion,,KAM Manager,Role-Based Access,As a KAM Manager or Director I want my companion to surface team-level insights so that I can manage performance and identify coaching opportunities across my team.,Role is detected from Salesforce profile at login | KAM persona: access to own book only | Manager persona: access to own book + direct reports' books + team aggregates | Director persona: access to all teams in their division | Companion responses scoped accordingly — Manager cannot access KAM outside their team | Role-appropriate quick prompts shown (e.g. Manager sees 'Team contact health' · Director sees 'Division performance'),Salesforce Profile → Agentforce persona mapping | Data access scoping in Apex actions based on role hierarchy | Quick prompt custom metadata filtered by persona | Role detection at session init; persona context injected into all Agentforce calls,Agentforce / CRM / DataPoints (multiple),"Agentforce Topics, Actions, API integrations — all require Agentforce platform configuration",TBD (Agentforce config required),P1,5
AG-017,Agentforce Companion,,All KAM Roles,Promo Coach Dual-Instance Routing,As a VIP KAM I want the companion to route promo queries to the correct Promo Coach Agent instance so that I get segment- or product-appropriate promotional recommendations.,Two Promo Coach Agent instances are available | Routing logic between instances to be confirmed in build (segment-based / product-line-based / other) | Companion routes transparently — KAM does not need to know which instance is invoked | If routing is ambiguous companion asks one clarifying question before routing | OPEN QUESTION: confirm routing rule with Agentforce/platform team in Phase 1 scoping,Two Promo Coach Agent topics configured in Agentforce | Routing disambiguation logic TBC (segment-based vs product-based) | Clarifying question flow if intent ambiguous | Routing label shown in companion UI | Agentforce/platform team sign-off required before build,Agentforce / CRM / DataPoints (multiple),"Agentforce Topics, Actions, API integrations — all require Agentforce platform configuration",TBD (Agentforce config required),P2,5
